まあ、いいじゃない。	"Well, it’s probably fine (don’t you think?).<br>#<ruby>じゃ無い<rt>じゃない</rt></ruby>:<ul><li>is not; am not; are not<div class=""info"">(Expression; I-adjective; from ではない; usu. written as kana)</div></li><li>isn't it?<div class=""info"">(usu. written as kana)</div></li><li class='np'><span class='ofrms'>Other Forms　<ruby>ぢゃ無い<rt>ぢゃない</rt></ruby></span></li></ul>"	http://www.guidetojapanese.org/learn/grammar/slang#Using_instead_of_to_confirm	anime1/1601569198133-まあいいじゃない.mp3	%5B%7B%22surface%22%3A%22%E3%81%BE%E3%81%82%22%2C%22pronunciation%22%3A%22%E3%83%9E%E3%83%BC%22%2C%22pos%22%3A0%2C%22freqNF%22%3A%22209%22%2C%22freqWK%22%3A%2216732%22%2C%22partsOfSpeech%22%3A%5B%22%E5%89%AF%E8%A9%9E%22%2C%22%E4%B8%80%E8%88%AC%22%5D%7D%2C%7B%22surface%22%3A%22%E3%80%81%22%2C%22pos%22%3A2%2C%22freqNF%22%3A%2299999%22%2C%22freqWK%22%3A%2299999%22%2C%22partsOfSpeech%22%3A%5B%22%E8%A8%98%E5%8F%B7%22%2C%22%E8%AA%AD%E7%82%B9%22%5D%7D%2C%7B%22surface%22%3A%22%E3%81%84%E3%81%84%22%2C%22conjugationForm%22%3A%22%E5%9F%BA%E6%9C%AC%E5%BD%A2%22%2C%22conjugationType%22%3A%22%E5%BD%A2%E5%AE%B9%E8%A9%9E%E3%83%BB%E3%82%A4%E3%82%A4%22%2C%22pos%22%3A3%2C%22freqNF%22%3A%2229%22%2C%22freqWK%22%3A%2299999%22%2C%22partsOfSpeech%22%3A%5B%22%E5%BD%A2%E5%AE%B9%E8%A9%9E%22%2C%22%E8%87%AA%E7%AB%8B%22%5D%7D%2C%7B%22surface%22%3A%22%E3%81%98%E3%82%83%22%2C%22pos%22%3A5%2C%22freqNF%22%3A%22212%22%2C%22freqWK%22%3A%226623%22%2C%22partsOfSpeech%22%3A%5B%22%E5%8A%A9%E8%A9%9E%22%2C%22%E5%89%AF%E5%8A%A9%E8%A9%9E%22%5D%7D%2C%7B%22surface%22%3A%22%E3%81%AA%E3%81%84%22%2C%22conjugationForm%22%3A%22%E5%9F%BA%E6%9C%AC%E5%BD%A2%22%2C%22conjugationType%22%3A%22%E7%89%B9%E6%AE%8A%E3%83%BB%E3%83%8A%E3%82%A4%22%2C%22pos%22%3A7%2C%22freqNF%22%3A%2214%22%2C%22freqWK%22%3A%226815%22%2C%22partsOfSpeech%22%3A%5B%22%E5%8A%A9%E5%8B%95%E8%A9%9E%22%5D%7D%2C%7B%22surface%22%3A%22%E3%80%82%22%2C%22pos%22%3A9%2C%22freqNF%22%3A%2299999%22%2C%22freqWK%22%3A%2299999%22%2C%22partsOfSpeech%22%3A%5B%22%E8%A8%98%E5%8F%B7%22%2C%22%E5%8F%A5%E7%82%B9%22%5D%7D%5D
ほら、やっぱりレポートを書かないとだめじゃん。	"See, as I thought, you have to write the report.<br>- ""Must be done"": Negative form + 「と」 conditional + だめ／いけない／ならない<br>- 「じゃん」 is basically saying something along the lines of, “See, I’m right, aren’t I?”"	http://www.guidetojapanese.org/learn/grammar/slang#Using_instead_of_to_confirm	anime1/1601569198133-ほらやっぱりレポートを書かないとだめじゃん.mp3	%5B%7B%22surface%22%3A%22%E3%81%BB%E3%82%89%22%2C%22pos%22%3A0%2C%22freqNF%22%3A%22272%22%2C%22freqWK%22%3A%2299999%22%2C%22partsOfSpeech%22%3A%5B%22%E6%84%9F%E5%8B%95%E8%A9%9E%22%5D%7D%2C%7B%22surface%22%3A%22%E3%80%81%22%2C%22pos%22%3A2%2C%22freqNF%22%3A%2299999%22%2C%22freqWK%22%3A%2299999%22%2C%22partsOfSpeech%22%3A%5B%22%E8%A8%98%E5%8F%B7%22%2C%22%E8%AA%AD%E7%82%B9%22%5D%7D%2C%7B%22surface%22%3A%22%E3%82%84%E3%81%A3%E3%81%B1%E3%82%8A%22%2C%22pos%22%3A3%2C%22freqNF%22%3A%22360%22%2C%22freqWK%22%3A%2299999%22%2C%22partsOfSpeech%22%3A%5B%22%E5%89%AF%E8%A9%9E%22%2C%22%E4%B8%80%E8%88%AC%22%5D%7D%2C%7B%22surface%22%3A%22%E3%83%AC%E3%83%9D%E3%83%BC%E3%83%88%22%2C%22pos%22%3A7%2C%22freqNF%22%3A%229199%22%2C%22freqWK%22%3A%227545%22%2C%22partsOfSpeech%22%3A%5B%22%E5%90%8D%E8%A9%9E%22%2C%22%E3%82%B5%E5%A4%89%E6%8E%A5%E7%B6%9A%22%5D%7D%2C%7B%22surface%22%3A%22%E3%82%92%22%2C%22pos%22%3A11%2C%22freqNF%22%3A%226%22%2C%22freqWK%22%3A%225%22%2C%22partsOfSpeech%22%3A%5B%22%E5%8A%A9%E8%A9%9E%22%2C%22%E6%A0%BC%E5%8A%A9%E8%A9%9E%22%2C%22%E4%B8%80%E8%88%AC%22%5D%7D%2C%7B%22surface%22%3A%22%E6%9B%B8%E3%81%8B%22%2C%22baseForm%22%3A%22%E6%9B%B8%E3%81%8F%22%2C%22conjugationForm%22%3A%22%E6%9C%AA%E7%84%B6%E5%BD%A2%22%2C%22conjugationType%22%3A%22%E4%BA%94%E6%AE%B5%E3%83%BB%E3%82%AB%E8%A1%8C%E3%82%A4%E9%9F%B3%E4%BE%BF%22%2C%22reading%22%3A%22%E3%82%AB%E3%82%AB%22%2C%22pos%22%3A12%2C%22freqNF%22%3A%22335%22%2C%22freqWK%22%3A%22336%22%2C%22partsOfSpeech%22%3A%5B%22%E5%8B%95%E8%A9%9E%22%2C%22%E8%87%AA%E7%AB%8B%22%5D%7D%2C%7B%22surface%22%3A%22%E3%81%AA%E3%81%84%22%2C%22conjugationForm%22%3A%22%E5%9F%BA%E6%9C%AC%E5%BD%A2%22%2C%22conjugationType%22%3A%22%E7%89%B9%E6%AE%8A%E3%83%BB%E3%83%8A%E3%82%A4%22%2C%22pos%22%3A14%2C%22freqNF%22%3A%2214%22%2C%22freqWK%22%3A%226815%22%2C%22partsOfSpeech%22%3A%5B%22%E5%8A%A9%E5%8B%95%E8%A9%9E%22%5D%7D%2C%7B%22surface%22%3A%22%E3%81%A8%22%2C%22pos%22%3A16%2C%22freqNF%22%3A%2211%22%2C%22freqWK%22%3A%227%22%2C%22partsOfSpeech%22%3A%5B%22%E5%8A%A9%E8%A9%9E%22%2C%22%E6%8E%A5%E7%B6%9A%E5%8A%A9%E8%A9%9E%22%5D%7D%2C%7B%22surface%22%3A%22%E3%81%A0%E3%82%81%22%2C%22pos%22%3A17%2C%22freqNF%22%3A%222056%22%2C%22freqWK%22%3A%2299999%22%2C%22partsOfSpeech%22%3A%5B%22%E5%90%8D%E8%A9%9E%22%2C%22%E5%BD%A2%E5%AE%B9%E5%8B%95%E8%A9%9E%E8%AA%9E%E5%B9%B9%22%5D%7D%2C%7B%22surface%22%3A%22%E3%81%98%E3%82%83%E3%82%93%22%2C%22conjugationForm%22%3A%22%E5%9F%BA%E6%9C%AC%E5%BD%A2%22%2C%22conjugationType%22%3A%22%E4%B8%8D%E5%A4%89%E5%8C%96%E5%9E%8B%22%2C%22pos%22%3A19%2C%22freqNF%22%3A%22600%22%2C%22freqWK%22%3A%222350%22%2C%22partsOfSpeech%22%3A%5B%22%E5%8A%A9%E5%8B%95%E8%A9%9E%22%5D%7D%2C%7B%22surface%22%3A%22%E3%80%82%22%2C%22pos%22%3A22%2C%22freqNF%22%3A%2299999%22%2C%22freqWK%22%3A%2299999%22%2C%22partsOfSpeech%22%3A%5B%22%E8%A8%98%E5%8F%B7%22%2C%22%E5%8F%A5%E7%82%B9%22%5D%7D%5D
誰もいないからここで着替えてもいいじゃん。	"Since there’s nobody, it’s probably fine to change here.<br>#<ruby>じゃん</ruby>:<ul><li>isn't it?; don't you think?; right?; surely; come on<div class=""info"">(Particle; used to state something assertively; orig. from じゃないか; Colloquialism)</div></li></ul>"	http://www.guidetojapanese.org/learn/grammar/slang#Using_instead_of_to_confirm	anime1/1601569198134-誰もいないからここで着替えてもいいじゃん.mp3	%5B%7B%22surface%22%3A%22%E8%AA%B0%22%2C%22reading%22%3A%22%E3%83%80%E3%83%AC%22%2C%22pos%22%3A0%2C%22freqNF%22%3A%2273%22%2C%22freqWK%22%3A%222009%22%2C%22partsOfSpeech%22%3A%5B%22%E5%90%8D%E8%A9%9E%22%2C%22%E4%BB%A3%E5%90%8D%E8%A9%9E%22%2C%22%E4%B8%80%E8%88%AC%22%5D%7D%2C%7B%22surface%22%3A%22%E3%82%82%22%2C%22pos%22%3A1%2C%22freqNF%22%3A%2210%22%2C%22freqWK%22%3A%2212%22%2C%22partsOfSpeech%22%3A%5B%22%E5%8A%A9%E8%A9%9E%22%2C%22%E4%BF%82%E5%8A%A9%E8%A9%9E%22%5D%7D%2C%7B%22surface%22%3A%22%E3%81%84%22%2C%22baseForm%22%3A%22%E3%81%84%E3%82%8B%22%2C%22conjugationForm%22%3A%22%E6%9C%AA%E7%84%B6%E5%BD%A2%22%2C%22conjugationType%22%3A%22%E4%B8%80%E6%AE%B5%22%2C%22pos%22%3A2%2C%22freqNF%22%3A%2224%22%2C%22freqWK%22%3A%2210755%22%2C%22partsOfSpeech%22%3A%5B%22%E5%8B%95%E8%A9%9E%22%2C%22%E8%87%AA%E7%AB%8B%22%5D%7D%2C%7B%22surface%22%3A%22%E3%81%AA%E3%81%84%22%2C%22conjugationForm%22%3A%22%E5%9F%BA%E6%9C%AC%E5%BD%A2%22%2C%22conjugationType%22%3A%22%E7%89%B9%E6%AE%8A%E3%83%BB%E3%83%8A%E3%82%A4%22%2C%22pos%22%3A3%2C%22freqNF%22%3A%2214%22%2C%22freqWK%22%3A%226815%22%2C%22partsOfSpeech%22%3A%5B%22%E5%8A%A9%E5%8B%95%E8%A9%9E%22%5D%7D%2C%7B%22surface%22%3A%22%E3%81%8B%E3%82%89%22%2C%22pos%22%3A5%2C%22freqNF%22%3A%2231%22%2C%22freqWK%22%3A%2213%22%2C%22partsOfSpeech%22%3A%5B%22%E5%8A%A9%E8%A9%9E%22%2C%22%E6%8E%A5%E7%B6%9A%E5%8A%A9%E8%A9%9E%22%5D%7D%2C%7B%22surface%22%3A%22%E3%81%93%E3%81%93%22%2C%22pos%22%3A7%2C%22freqNF%22%3A%2267%22%2C%22freqWK%22%3A%22465%22%2C%22partsOfSpeech%22%3A%5B%22%E5%90%8D%E8%A9%9E%22%2C%22%E4%BB%A3%E5%90%8D%E8%A9%9E%22%2C%22%E4%B8%80%E8%88%AC%22%5D%7D%2C%7B%22surface%22%3A%22%E3%81%A7%22%2C%22pos%22%3A9%2C%22freqNF%22%3A%2213%22%2C%22freqWK%22%3A%229%22%2C%22partsOfSpeech%22%3A%5B%22%E5%8A%A9%E8%A9%9E%22%2C%22%E6%A0%BC%E5%8A%A9%E8%A9%9E%22%2C%22%E4%B8%80%E8%88%AC%22%5D%7D%2C%7B%22surface%22%3A%22%E7%9D%80%E6%9B%BF%E3%81%88%22%2C%22baseForm%22%3A%22%E7%9D%80%E6%9B%BF%E3%81%88%E3%82%8B%22%2C%22conjugationForm%22%3A%22%E9%80%A3%E7%94%A8%E5%BD%A2%22%2C%22conjugationType%22%3A%22%E4%B8%80%E6%AE%B5%22%2C%22reading%22%3A%22%E3%82%AD%E3%82%AC%E3%82%A8%22%2C%22pos%22%3A10%2C%22freqNF%22%3A%222136%22%2C%22freqWK%22%3A%2219822%22%2C%22partsOfSpeech%22%3A%5B%22%E5%8B%95%E8%A9%9E%22%2C%22%E8%87%AA%E7%AB%8B%22%5D%7D%2C%7B%22surface%22%3A%22%E3%81%A6%22%2C%22pos%22%3A13%2C%22freqNF%22%3A%227%22%2C%22freqWK%22%3A%2299999%22%2C%22partsOfSpeech%22%3A%5B%22%E5%8A%A9%E8%A9%9E%22%2C%22%E6%8E%A5%E7%B6%9A%E5%8A%A9%E8%A9%9E%22%5D%7D%2C%7B%22surface%22%3A%22%E3%82%82%22%2C%22pos%22%3A14%2C%22freqNF%22%3A%2210%22%2C%22freqWK%22%3A%2212%22%2C%22partsOfSpeech%22%3A%5B%22%E5%8A%A9%E8%A9%9E%22%2C%22%E4%BF%82%E5%8A%A9%E8%A9%9E%22%5D%7D%2C%7B%22surface%22%3A%22%E3%81%84%E3%81%84%22%2C%22conjugationForm%22%3A%22%E5%9F%BA%E6%9C%AC%E5%BD%A2%22%2C%22conjugationType%22%3A%22%E5%BD%A2%E5%AE%B9%E8%A9%9E%E3%83%BB%E3%82%A4%E3%82%A4%22%2C%22pos%22%3A15%2C%22freqNF%22%3A%2229%22%2C%22freqWK%22%3A%2299999%22%2C%22partsOfSpeech%22%3A%5B%22%E5%BD%A2%E5%AE%B9%E8%A9%9E%22%2C%22%E9%9D%9E%E8%87%AA%E7%AB%8B%22%5D%7D%2C%7B%22surface%22%3A%22%E3%81%98%E3%82%83%E3%82%93%22%2C%22conjugationForm%22%3A%22%E5%9F%BA%E6%9C%AC%E5%BD%A2%22%2C%22conjugationType%22%3A%22%E4%B8%8D%E5%A4%89%E5%8C%96%E5%9E%8B%22%2C%22pos%22%3A17%2C%22freqNF%22%3A%22600%22%2C%22freqWK%22%3A%222350%22%2C%22partsOfSpeech%22%3A%5B%22%E5%8A%A9%E5%8B%95%E8%A9%9E%22%5D%7D%2C%7B%22surface%22%3A%22%E3%80%82%22%2C%22pos%22%3A20%2C%22freqNF%22%3A%2299999%22%2C%22freqWK%22%3A%2299999%22%2C%22partsOfSpeech%22%3A%5B%22%E8%A8%98%E5%8F%B7%22%2C%22%E5%8F%A5%E7%82%B9%22%5D%7D%5D
たかし君は、ここにいる？知らない。あっ！やっぱ、いるじゃん！	"Is Takashi here? Dunno. Ah! See, he is here!<br>#<ruby>じゃん</ruby>:<ul><li>isn't it?; don't you think?; right?; surely; come on<div class=""info"">(Particle; used to state something assertively; orig. from じゃないか; Colloquialism)</div></li></ul>"	http://www.guidetojapanese.org/learn/grammar/slang#Using_instead_of_to_confirm	anime1/1601569198135-たかし君はここにいる知らないあっやっぱいるじゃん.mp3	%5B%7B%22surface%22%3A%22%E3%81%9F%E3%81%8B%E3%81%97%22%2C%22pos%22%3A0%2C%22freqNF%22%3A%2217102%22%2C%22freqWK%22%3A%2211404%22%2C%22partsOfSpeech%22%3A%5B%22%E5%90%8D%E8%A9%9E%22%2C%22%E5%9B%BA%E6%9C%89%E5%90%8D%E8%A9%9E%22%2C%22%E4%BA%BA%E5%90%8D%22%2C%22%E5%90%8D%22%5D%7D%2C%7B%22surface%22%3A%22%E5%90%9B%22%2C%22reading%22%3A%22%E3%82%AF%E3%83%B3%22%2C%22pos%22%3A3%2C%22freqNF%22%3A%2259%22%2C%22freqWK%22%3A%223047%22%2C%22partsOfSpeech%22%3A%5B%22%E5%90%8D%E8%A9%9E%22%2C%22%E6%8E%A5%E5%B0%BE%22%2C%22%E4%BA%BA%E5%90%8D%22%5D%7D%2C%7B%22surface%22%3A%22%E3%81%AF%22%2C%22pronunciation%22%3A%22%E3%83%AF%22%2C%22pos%22%3A4%2C%22freqNF%22%3A%222%22%2C%22freqWK%22%3A%224%22%2C%22partsOfSpeech%22%3A%5B%22%E5%8A%A9%E8%A9%9E%22%2C%22%E4%BF%82%E5%8A%A9%E8%A9%9E%22%5D%7D%2C%7B%22surface%22%3A%22%E3%80%81%22%2C%22pos%22%3A5%2C%22freqNF%22%3A%2299999%22%2C%22freqWK%22%3A%2299999%22%2C%22partsOfSpeech%22%3A%5B%22%E8%A8%98%E5%8F%B7%22%2C%22%E8%AA%AD%E7%82%B9%22%5D%7D%2C%7B%22surface%22%3A%22%E3%81%93%E3%81%93%22%2C%22pos%22%3A6%2C%22freqNF%22%3A%2267%22%2C%22freqWK%22%3A%22465%22%2C%22partsOfSpeech%22%3A%5B%22%E5%90%8D%E8%A9%9E%22%2C%22%E4%BB%A3%E5%90%8D%E8%A9%9E%22%2C%22%E4%B8%80%E8%88%AC%22%5D%7D%2C%7B%22surface%22%3A%22%E3%81%AB%22%2C%22pos%22%3A8%2C%22freqNF%22%3A%225%22%2C%22freqWK%22%3A%222%22%2C%22partsOfSpeech%22%3A%5B%22%E5%8A%A9%E8%A9%9E%22%2C%22%E6%A0%BC%E5%8A%A9%E8%A9%9E%22%2C%22%E4%B8%80%E8%88%AC%22%5D%7D%2C%7B%22surface%22%3A%22%E3%81%84%E3%82%8B%22%2C%22conjugationForm%22%3A%22%E5%9F%BA%E6%9C%AC%E5%BD%A2%22%2C%22conjugationType%22%3A%22%E4%B8%80%E6%AE%B5%22%2C%22pos%22%3A9%2C%22freqNF%22%3A%2224%22%2C%22freqWK%22%3A%2210755%22%2C%22partsOfSpeech%22%3A%5B%22%E5%8B%95%E8%A9%9E%22%2C%22%E8%87%AA%E7%AB%8B%22%5D%7D%2C%7B%22surface%22%3A%22%EF%BC%9F%22%2C%22pos%22%3A11%2C%22freqNF%22%3A%2299999%22%2C%22freqWK%22%3A%2299999%22%2C%22partsOfSpeech%22%3A%5B%22%E8%A8%98%E5%8F%B7%22%2C%22%E4%B8%80%E8%88%AC%22%5D%7D%2C%7B%22surface%22%3A%22%E7%9F%A5%E3%82%89%22%2C%22baseForm%22%3A%22%E7%9F%A5%E3%82%8B%22%2C%22conjugationForm%22%3A%22%E6%9C%AA%E7%84%B6%E5%BD%A2%22%2C%22conjugationType%22%3A%22%E4%BA%94%E6%AE%B5%E3%83%BB%E3%83%A9%E8%A1%8C%22%2C%22reading%22%3A%22%E3%82%B7%E3%83%A9%22%2C%22pos%22%3A12%2C%22freqNF%22%3A%2274%22%2C%22freqWK%22%3A%22146%22%2C%22partsOfSpeech%22%3A%5B%22%E5%8B%95%E8%A9%9E%22%2C%22%E8%87%AA%E7%AB%8B%22%5D%7D%2C%7B%22surface%22%3A%22%E3%81%AA%E3%81%84%22%2C%22conjugationForm%22%3A%22%E5%9F%BA%E6%9C%AC%E5%BD%A2%22%2C%22conjugationType%22%3A%22%E7%89%B9%E6%AE%8A%E3%83%BB%E3%83%8A%E3%82%A4%22%2C%22pos%22%3A14%2C%22freqNF%22%3A%2214%22%2C%22freqWK%22%3A%226815%22%2C%22partsOfSpeech%22%3A%5B%22%E5%8A%A9%E5%8B%95%E8%A9%9E%22%5D%7D%2C%7B%22surface%22%3A%22%E3%80%82%22%2C%22pos%22%3A16%2C%22freqNF%22%3A%2299999%22%2C%22freqWK%22%3A%2299999%22%2C%22partsOfSpeech%22%3A%5B%22%E8%A8%98%E5%8F%B7%22%2C%22%E5%8F%A5%E7%82%B9%22%5D%7D%2C%7B%22surface%22%3A%22%E3%81%82%E3%81%A3%22%2C%22pos%22%3A17%2C%22freqNF%22%3A%2275%22%2C%22freqWK%22%3A%228425%22%2C%22partsOfSpeech%22%3A%5B%22%E6%84%9F%E5%8B%95%E8%A9%9E%22%5D%7D%2C%7B%22surface%22%3A%22%EF%BC%81%22%2C%22pos%22%3A19%2C%22freqNF%22%3A%2299999%22%2C%22freqWK%22%3A%2299999%22%2C%22partsOfSpeech%22%3A%5B%22%E8%A8%98%E5%8F%B7%22%2C%22%E4%B8%80%E8%88%AC%22%5D%7D%2C%7B%22surface%22%3A%22%E3%82%84%E3%81%A3%E3%81%B1%22%2C%22pos%22%3A20%2C%22freqNF%22%3A%221215%22%2C%22freqWK%22%3A%2299999%22%2C%22partsOfSpeech%22%3A%5B%22%E5%89%AF%E8%A9%9E%22%2C%22%E4%B8%80%E8%88%AC%22%5D%7D%2C%7B%22surface%22%3A%22%E3%80%81%22%2C%22pos%22%3A23%2C%22freqNF%22%3A%2299999%22%2C%22freqWK%22%3A%2299999%22%2C%22partsOfSpeech%22%3A%5B%22%E8%A8%98%E5%8F%B7%22%2C%22%E8%AA%AD%E7%82%B9%22%5D%7D%2C%7B%22surface%22%3A%22%E3%81%84%E3%82%8B%22%2C%22conjugationForm%22%3A%22%E5%9F%BA%E6%9C%AC%E5%BD%A2%22%2C%22conjugationType%22%3A%22%E4%B8%80%E6%AE%B5%22%2C%22pos%22%3A24%2C%22freqNF%22%3A%2224%22%2C%22freqWK%22%3A%2210755%22%2C%22partsOfSpeech%22%3A%5B%22%E5%8B%95%E8%A9%9E%22%2C%22%E8%87%AA%E7%AB%8B%22%5D%7D%2C%7B%22surface%22%3A%22%E3%81%98%E3%82%83%E3%82%93%22%2C%22conjugationForm%22%3A%22%E5%9F%BA%E6%9C%AC%E5%BD%A2%22%2C%22conjugationType%22%3A%22%E4%B8%8D%E5%A4%89%E5%8C%96%E5%9E%8B%22%2C%22pos%22%3A26%2C%22freqNF%22%3A%22600%22%2C%22freqWK%22%3A%222350%22%2C%22partsOfSpeech%22%3A%5B%22%E5%8A%A9%E5%8B%95%E8%A9%9E%22%5D%7D%2C%7B%22surface%22%3A%22%EF%BC%81%22%2C%22pos%22%3A29%2C%22freqNF%22%3A%2299999%22%2C%22freqWK%22%3A%2299999%22%2C%22partsOfSpeech%22%3A%5B%22%E8%A8%98%E5%8F%B7%22%2C%22%E4%B8%80%E8%88%AC%22%5D%7D%5D
駅の近くにカラオケがあるじゃんか。	"There’s a karaoke place near the station, right?<br>#<ruby>じゃん</ruby>:<ul><li>isn't it?; don't you think?; right?; surely; come on<div class=""info"">(Particle; used to state something assertively; orig. from じゃないか; Colloquialism)</div></li></ul>"	http://www.guidetojapanese.org/learn/grammar/slang#Using_instead_of_to_confirm	anime1/1601569198136-駅の近くにカラオケがあるじゃんか.mp3	%5B%7B%22surface%22%3A%22%E9%A7%85%22%2C%22reading%22%3A%22%E3%82%A8%E3%82%AD%22%2C%22pos%22%3A0%2C%22freqNF%22%3A%222272%22%2C%22freqWK%22%3A%2235%22%2C%22partsOfSpeech%22%3A%5B%22%E5%90%8D%E8%A9%9E%22%2C%22%E4%B8%80%E8%88%AC%22%5D%7D%2C%7B%22surface%22%3A%22%E3%81%AE%22%2C%22pos%22%3A1%2C%22freqNF%22%3A%223%22%2C%22freqWK%22%3A%221%22%2C%22partsOfSpeech%22%3A%5B%22%E5%8A%A9%E8%A9%9E%22%2C%22%E9%80%A3%E4%BD%93%E5%8C%96%22%5D%7D%2C%7B%22surface%22%3A%22%E8%BF%91%E3%81%8F%22%2C%22reading%22%3A%22%E3%83%81%E3%82%AB%E3%82%AF%22%2C%22pos%22%3A2%2C%22freqNF%22%3A%22807%22%2C%22freqWK%22%3A%222353%22%2C%22partsOfSpeech%22%3A%5B%22%E5%90%8D%E8%A9%9E%22%2C%22%E5%89%AF%E8%A9%9E%E5%8F%AF%E8%83%BD%22%5D%7D%2C%7B%22surface%22%3A%22%E3%81%AB%22%2C%22pos%22%3A4%2C%22freqNF%22%3A%225%22%2C%22freqWK%22%3A%222%22%2C%22partsOfSpeech%22%3A%5B%22%E5%8A%A9%E8%A9%9E%22%2C%22%E6%A0%BC%E5%8A%A9%E8%A9%9E%22%2C%22%E4%B8%80%E8%88%AC%22%5D%7D%2C%7B%22surface%22%3A%22%E3%82%AB%E3%83%A9%E3%82%AA%E3%82%B1%22%2C%22pos%22%3A5%2C%22freqNF%22%3A%226566%22%2C%22freqWK%22%3A%228005%22%2C%22partsOfSpeech%22%3A%5B%22%E5%90%8D%E8%A9%9E%22%2C%22%E4%B8%80%E8%88%AC%22%5D%7D%2C%7B%22surface%22%3A%22%E3%81%8C%22%2C%22pos%22%3A9%2C%22freqNF%22%3A%228%22%2C%22freqWK%22%3A%226%22%2C%22partsOfSpeech%22%3A%5B%22%E5%8A%A9%E8%A9%9E%22%2C%22%E6%A0%BC%E5%8A%A9%E8%A9%9E%22%2C%22%E4%B8%80%E8%88%AC%22%5D%7D%2C%7B%22surface%22%3A%22%E3%81%82%E3%82%8B%22%2C%22conjugationForm%22%3A%22%E5%9F%BA%E6%9C%AC%E5%BD%A2%22%2C%22conjugationType%22%3A%22%E4%BA%94%E6%AE%B5%E3%83%BB%E3%83%A9%E8%A1%8C%22%2C%22pos%22%3A10%2C%22freqNF%22%3A%2227%22%2C%22freqWK%22%3A%2212025%22%2C%22partsOfSpeech%22%3A%5B%22%E5%8B%95%E8%A9%9E%22%2C%22%E8%87%AA%E7%AB%8B%22%5D%7D%2C%7B%22surface%22%3A%22%E3%81%98%E3%82%83%E3%82%93%22%2C%22conjugationForm%22%3A%22%E5%9F%BA%E6%9C%AC%E5%BD%A2%22%2C%22conjugationType%22%3A%22%E4%B8%8D%E5%A4%89%E5%8C%96%E5%9E%8B%22%2C%22pos%22%3A12%2C%22freqNF%22%3A%22600%22%2C%22freqWK%22%3A%222350%22%2C%22partsOfSpeech%22%3A%5B%22%E5%8A%A9%E5%8B%95%E8%A9%9E%22%5D%7D%2C%7B%22surface%22%3A%22%E3%81%8B%22%2C%22pos%22%3A15%2C%22freqNF%22%3A%2217%22%2C%22freqWK%22%3A%2241%22%2C%22partsOfSpeech%22%3A%5B%22%E5%8A%A9%E8%A9%9E%22%2C%22%E5%89%AF%E5%8A%A9%E8%A9%9E%EF%BC%8F%E4%B8%A6%E7%AB%8B%E5%8A%A9%E8%A9%9E%EF%BC%8F%E7%B5%82%E5%8A%A9%E8%A9%9E%22%5D%7D%2C%7B%22surface%22%3A%22%E3%80%82%22%2C%22pos%22%3A16%2C%22freqNF%22%3A%2299999%22%2C%22freqWK%22%3A%2299999%22%2C%22partsOfSpeech%22%3A%5B%22%E8%A8%98%E5%8F%B7%22%2C%22%E5%8F%A5%E7%82%B9%22%5D%7D%5D
つうか、なんでお前がここにいんのよ！	"Or rather, why are you here?!<br>- つうか is same as と言うか<br>#<ruby>と言う<rt>という</rt></ruby>:<ul><li>called; named; that says; that<div class=""info"">(Expression; usu. written as kana)</div></li><li>as many as; as much as<div class=""info"">(after a quantity; usu. written as kana)</div></li></ul><br>#<ruby>と言うか<rt>というか</rt></ruby>:<ul><li>or perhaps I should say; or more precisely; or, how should I put it; or rather<div class=""info"">(Expression; Adverb; usu. written as kana)</div></li></ul>"	http://www.guidetojapanese.org/learn/grammar/slang#Using_for<br>https://github.com/jihadichan/jp/tree/master/notes/grammar/#defining-and-describing	anime1/1601569198136-つうかなんでお前がここにいんのよ.mp3	%5B%7B%22surface%22%3A%22%E3%81%A4%E3%81%86%22%2C%22pronunciation%22%3A%22%E3%83%84%E3%83%BC%22%2C%22pos%22%3A0%2C%22freqNF%22%3A%22456%22%2C%22freqWK%22%3A%2299999%22%2C%22partsOfSpeech%22%3A%5B%22%E5%90%8D%E8%A9%9E%22%2C%22%E4%B8%80%E8%88%AC%22%5D%7D%2C%7B%22surface%22%3A%22%E3%81%8B%22%2C%22pos%22%3A2%2C%22freqNF%22%3A%2217%22%2C%22freqWK%22%3A%2241%22%2C%22partsOfSpeech%22%3A%5B%22%E5%8A%A9%E8%A9%9E%22%2C%22%E5%89%AF%E5%8A%A9%E8%A9%9E%EF%BC%8F%E4%B8%A6%E7%AB%8B%E5%8A%A9%E8%A9%9E%EF%BC%8F%E7%B5%82%E5%8A%A9%E8%A9%9E%22%5D%7D%2C%7B%22surface%22%3A%22%E3%80%81%22%2C%22pos%22%3A3%2C%22freqNF%22%3A%2299999%22%2C%22freqWK%22%3A%2299999%22%2C%22partsOfSpeech%22%3A%5B%22%E8%A8%98%E5%8F%B7%22%2C%22%E8%AA%AD%E7%82%B9%22%5D%7D%2C%7B%22surface%22%3A%22%E3%81%AA%E3%82%93%E3%81%A7%22%2C%22pos%22%3A4%2C%22freqNF%22%3A%2299999%22%2C%22freqWK%22%3A%2299999%22%2C%22partsOfSpeech%22%3A%5B%22%E5%89%AF%E8%A9%9E%22%2C%22%E4%B8%80%E8%88%AC%22%5D%7D%2C%7B%22surface%22%3A%22%E3%81%8A%E5%89%8D%22%2C%22reading%22%3A%22%E3%82%AA%E3%83%9E%E3%82%A8%22%2C%22pos%22%3A7%2C%22freqNF%22%3A%2257%22%2C%22freqWK%22%3A%2299999%22%2C%22partsOfSpeech%22%3A%5B%22%E5%90%8D%E8%A9%9E%22%2C%22%E4%BB%A3%E5%90%8D%E8%A9%9E%22%2C%22%E4%B8%80%E8%88%AC%22%5D%7D%2C%7B%22surface%22%3A%22%E3%81%8C%22%2C%22pos%22%3A9%2C%22freqNF%22%3A%228%22%2C%22freqWK%22%3A%226%22%2C%22partsOfSpeech%22%3A%5B%22%E5%8A%A9%E8%A9%9E%22%2C%22%E6%A0%BC%E5%8A%A9%E8%A9%9E%22%2C%22%E4%B8%80%E8%88%AC%22%5D%7D%2C%7B%22surface%22%3A%22%E3%81%93%E3%81%93%22%2C%22pos%22%3A10%2C%22freqNF%22%3A%2267%22%2C%22freqWK%22%3A%22465%22%2C%22partsOfSpeech%22%3A%5B%22%E5%90%8D%E8%A9%9E%22%2C%22%E4%BB%A3%E5%90%8D%E8%A9%9E%22%2C%22%E4%B8%80%E8%88%AC%22%5D%7D%2C%7B%22surface%22%3A%22%E3%81%AB%22%2C%22pos%22%3A12%2C%22freqNF%22%3A%225%22%2C%22freqWK%22%3A%222%22%2C%22partsOfSpeech%22%3A%5B%22%E5%8A%A9%E8%A9%9E%22%2C%22%E6%A0%BC%E5%8A%A9%E8%A9%9E%22%2C%22%E4%B8%80%E8%88%AC%22%5D%7D%2C%7B%22surface%22%3A%22%E3%81%84%E3%82%93%22%2C%22baseForm%22%3A%22%E3%81%84%E3%81%AC%22%2C%22conjugationForm%22%3A%22%E9%80%A3%E7%94%A8%E3%82%BF%E6%8E%A5%E7%B6%9A%22%2C%22conjugationType%22%3A%22%E4%BA%94%E6%AE%B5%E3%83%BB%E3%83%8A%E8%A1%8C%22%2C%22pos%22%3A13%2C%22freqNF%22%3A%229434%22%2C%22freqWK%22%3A%221437%22%2C%22partsOfSpeech%22%3A%5B%22%E5%8B%95%E8%A9%9E%22%2C%22%E8%87%AA%E7%AB%8B%22%5D%7D%2C%7B%22surface%22%3A%22%E3%81%AE%22%2C%22pos%22%3A15%2C%22freqNF%22%3A%223%22%2C%22freqWK%22%3A%221%22%2C%22partsOfSpeech%22%3A%5B%22%E5%8A%A9%E8%A9%9E%22%2C%22%E7%B5%82%E5%8A%A9%E8%A9%9E%22%5D%7D%2C%7B%22surface%22%3A%22%E3%82%88%22%2C%22pos%22%3A16%2C%22freqNF%22%3A%2212%22%2C%22freqWK%22%3A%221245%22%2C%22partsOfSpeech%22%3A%5B%22%E5%8A%A9%E8%A9%9E%22%2C%22%E7%B5%82%E5%8A%A9%E8%A9%9E%22%5D%7D%2C%7B%22surface%22%3A%22%EF%BC%81%22%2C%22pos%22%3A17%2C%22freqNF%22%3A%2299999%22%2C%22freqWK%22%3A%2299999%22%2C%22partsOfSpeech%22%3A%5B%22%E8%A8%98%E5%8F%B7%22%2C%22%E4%B8%80%E8%88%AC%22%5D%7D%5D
宿題で時間がないつってんのに、みきちゃんとデートしにいったと聞いたよ。	Although he’s saying he doesn’t have time due to homework, I heard he went on a date with Miki-chan.<br>- Full: 宿題で時間がない言ってるのに	http://www.guidetojapanese.org/learn/grammar/slang#Using_for	anime1/1601569198137-宿題で時間がないつってんのにみきちゃんとデートしにいったと聞いたよ.mp3	%5B%7B%22surface%22%3A%22%E5%AE%BF%E9%A1%8C%22%2C%22reading%22%3A%22%E3%82%B7%E3%83%A5%E3%82%AF%E3%83%80%E3%82%A4%22%2C%22pos%22%3A0%2C%22freqNF%22%3A%222953%22%2C%22freqWK%22%3A%2299999%22%2C%22partsOfSpeech%22%3A%5B%22%E5%90%8D%E8%A9%9E%22%2C%22%E3%82%B5%E5%A4%89%E6%8E%A5%E7%B6%9A%22%5D%7D%2C%7B%22surface%22%3A%22%E3%81%A7%22%2C%22pos%22%3A2%2C%22freqNF%22%3A%2213%22%2C%22freqWK%22%3A%229%22%2C%22partsOfSpeech%22%3A%5B%22%E5%8A%A9%E8%A9%9E%22%2C%22%E6%A0%BC%E5%8A%A9%E8%A9%9E%22%2C%22%E4%B8%80%E8%88%AC%22%5D%7D%2C%7B%22surface%22%3A%22%E6%99%82%E9%96%93%22%2C%22reading%22%3A%22%E3%82%B8%E3%82%AB%E3%83%B3%22%2C%22pos%22%3A3%2C%22freqNF%22%3A%22110%22%2C%22freqWK%22%3A%22132%22%2C%22partsOfSpeech%22%3A%5B%22%E5%90%8D%E8%A9%9E%22%2C%22%E5%89%AF%E8%A9%9E%E5%8F%AF%E8%83%BD%22%5D%7D%2C%7B%22surface%22%3A%22%E3%81%8C%22%2C%22pos%22%3A5%2C%22freqNF%22%3A%228%22%2C%22freqWK%22%3A%226%22%2C%22partsOfSpeech%22%3A%5B%22%E5%8A%A9%E8%A9%9E%22%2C%22%E6%A0%BC%E5%8A%A9%E8%A9%9E%22%2C%22%E4%B8%80%E8%88%AC%22%5D%7D%2C%7B%22surface%22%3A%22%E3%81%AA%E3%81%84%22%2C%22conjugationForm%22%3A%22%E5%9F%BA%E6%9C%AC%E5%BD%A2%22%2C%22conjugationType%22%3A%22%E5%BD%A2%E5%AE%B9%E8%A9%9E%E3%83%BB%E3%82%A2%E3%82%A6%E3%82%AA%E6%AE%B5%22%2C%22pos%22%3A6%2C%22freqNF%22%3A%2214%22%2C%22freqWK%22%3A%226815%22%2C%22partsOfSpeech%22%3A%5B%22%E5%BD%A2%E5%AE%B9%E8%A9%9E%22%2C%22%E8%87%AA%E7%AB%8B%22%5D%7D%2C%7B%22surface%22%3A%22%E3%81%A4%E3%81%A3%22%2C%22baseForm%22%3A%22%E3%81%A4%E3%82%8B%22%2C%22conjugationForm%22%3A%22%E9%80%A3%E7%94%A8%E3%82%BF%E6%8E%A5%E7%B6%9A%22%2C%22conjugationType%22%3A%22%E4%BA%94%E6%AE%B5%E3%83%BB%E3%83%A9%E8%A1%8C%22%2C%22pos%22%3A8%2C%22freqNF%22%3A%227703%22%2C%22freqWK%22%3A%2299999%22%2C%22partsOfSpeech%22%3A%5B%22%E5%8B%95%E8%A9%9E%22%2C%22%E8%87%AA%E7%AB%8B%22%5D%7D%2C%7B%22surface%22%3A%22%E3%81%A6%E3%82%93%22%2C%22baseForm%22%3A%22%E3%81%A6%E3%82%8B%22%2C%22conjugationForm%22%3A%22%E4%BD%93%E8%A8%80%E6%8E%A5%E7%B6%9A%E7%89%B9%E6%AE%8A%22%2C%22conjugationType%22%3A%22%E4%B8%80%E6%AE%B5%22%2C%22pos%22%3A10%2C%22freqNF%22%3A%2215%22%2C%22freqWK%22%3A%2299999%22%2C%22partsOfSpeech%22%3A%5B%22%E5%8B%95%E8%A9%9E%22%2C%22%E9%9D%9E%E8%87%AA%E7%AB%8B%22%5D%7D%2C%7B%22surface%22%3A%22%E3%81%AE%E3%81%AB%22%2C%22pos%22%3A12%2C%22freqNF%22%3A%2299999%22%2C%22freqWK%22%3A%2299999%22%2C%22partsOfSpeech%22%3A%5B%22%E5%8A%A9%E8%A9%9E%22%2C%22%E6%8E%A5%E7%B6%9A%E5%8A%A9%E8%A9%9E%22%5D%7D%2C%7B%22surface%22%3A%22%E3%80%81%22%2C%22pos%22%3A14%2C%22freqNF%22%3A%2299999%22%2C%22freqWK%22%3A%2299999%22%2C%22partsOfSpeech%22%3A%5B%22%E8%A8%98%E5%8F%B7%22%2C%22%E8%AA%AD%E7%82%B9%22%5D%7D%2C%7B%22surface%22%3A%22%E3%81%BF%E3%81%8D%22%2C%22pos%22%3A15%2C%22freqNF%22%3A%2210035%22%2C%22freqWK%22%3A%2299999%22%2C%22partsOfSpeech%22%3A%5B%22%E5%90%8D%E8%A9%9E%22%2C%22%E5%9B%BA%E6%9C%89%E5%90%8D%E8%A9%9E%22%2C%22%E4%BA%BA%E5%90%8D%22%2C%22%E5%90%8D%22%5D%7D%2C%7B%22surface%22%3A%22%E3%81%A1%E3%82%83%E3%82%93%22%2C%22pos%22%3A17%2C%22freqNF%22%3A%2293%22%2C%22freqWK%22%3A%228355%22%2C%22partsOfSpeech%22%3A%5B%22%E5%90%8D%E8%A9%9E%22%2C%22%E6%8E%A5%E5%B0%BE%22%2C%22%E4%BA%BA%E5%90%8D%22%5D%7D%2C%7B%22surface%22%3A%22%E3%81%A8%22%2C%22pos%22%3A20%2C%22freqNF%22%3A%2211%22%2C%22freqWK%22%3A%227%22%2C%22partsOfSpeech%22%3A%5B%22%E5%8A%A9%E8%A9%9E%22%2C%22%E6%A0%BC%E5%8A%A9%E8%A9%9E%22%2C%22%E4%B8%80%E8%88%AC%22%5D%7D%2C%7B%22surface%22%3A%22%E3%83%87%E3%83%BC%E3%83%88%22%2C%22pos%22%3A21%2C%22freqNF%22%3A%22744%22%2C%22freqWK%22%3A%2212689%22%2C%22partsOfSpeech%22%3A%5B%22%E5%90%8D%E8%A9%9E%22%2C%22%E3%82%B5%E5%A4%89%E6%8E%A5%E7%B6%9A%22%5D%7D%2C%7B%22surface%22%3A%22%E3%81%97%22%2C%22baseForm%22%3A%22%E3%81%99%E3%82%8B%22%2C%22conjugationForm%22%3A%22%E9%80%A3%E7%94%A8%E5%BD%A2%22%2C%22conjugationType%22%3A%22%E3%82%B5%E5%A4%89%E3%83%BB%E3%82%B9%E3%83%AB%22%2C%22pos%22%3A24%2C%22freqNF%22%3A%229%22%2C%22freqWK%22%3A%223%22%2C%22partsOfSpeech%22%3A%5B%22%E5%8B%95%E8%A9%9E%22%2C%22%E8%87%AA%E7%AB%8B%22%5D%7D%2C%7B%22surface%22%3A%22%E3%81%AB%22%2C%22pos%22%3A25%2C%22freqNF%22%3A%225%22%2C%22freqWK%22%3A%222%22%2C%22partsOfSpeech%22%3A%5B%22%E5%8A%A9%E8%A9%9E%22%2C%22%E6%A0%BC%E5%8A%A9%E8%A9%9E%22%2C%22%E4%B8%80%E8%88%AC%22%5D%7D%2C%7B%22surface%22%3A%22%E3%81%84%E3%81%A3%22%2C%22baseForm%22%3A%22%E3%81%84%E3%81%8F%22%2C%22conjugationForm%22%3A%22%E9%80%A3%E7%94%A8%E3%82%BF%E6%8E%A5%E7%B6%9A%22%2C%22conjugationType%22%3A%22%E4%BA%94%E6%AE%B5%E3%83%BB%E3%82%AB%E8%A1%8C%E4%BF%83%E9%9F%B3%E4%BE%BF%22%2C%22pos%22%3A26%2C%22freqNF%22%3A%22113%22%2C%22freqWK%22%3A%2299999%22%2C%22partsOfSpeech%22%3A%5B%22%E5%8B%95%E8%A9%9E%22%2C%22%E8%87%AA%E7%AB%8B%22%5D%7D%2C%7B%22surface%22%3A%22%E3%81%9F%22%2C%22conjugationForm%22%3A%22%E5%9F%BA%E6%9C%AC%E5%BD%A2%22%2C%22conjugationType%22%3A%22%E7%89%B9%E6%AE%8A%E3%83%BB%E3%82%BF%22%2C%22pos%22%3A28%2C%22freqNF%22%3A%224%22%2C%22freqWK%22%3A%2299999%22%2C%22partsOfSpeech%22%3A%5B%22%E5%8A%A9%E5%8B%95%E8%A9%9E%22%5D%7D%2C%7B%22surface%22%3A%22%E3%81%A8%22%2C%22pos%22%3A29%2C%22freqNF%22%3A%2211%22%2C%22freqWK%22%3A%227%22%2C%22partsOfSpeech%22%3A%5B%22%E5%8A%A9%E8%A9%9E%22%2C%22%E6%A0%BC%E5%8A%A9%E8%A9%9E%22%2C%22%E5%BC%95%E7%94%A8%22%5D%7D%2C%7B%22surface%22%3A%22%E8%81%9E%E3%81%84%22%2C%22baseForm%22%3A%22%E8%81%9E%E3%81%8F%22%2C%22conjugationForm%22%3A%22%E9%80%A3%E7%94%A8%E3%82%BF%E6%8E%A5%E7%B6%9A%22%2C%22conjugationType%22%3A%22%E4%BA%94%E6%AE%B5%E3%83%BB%E3%82%AB%E8%A1%8C%E3%82%A4%E9%9F%B3%E4%BE%BF%22%2C%22reading%22%3A%22%E3%82%AD%E3%82%A4%22%2C%22pos%22%3A30%2C%22freqNF%22%3A%2280%22%2C%22freqWK%22%3A%221445%22%2C%22partsOfSpeech%22%3A%5B%22%E5%8B%95%E8%A9%9E%22%2C%22%E8%87%AA%E7%AB%8B%22%5D%7D%2C%7B%22surface%22%3A%22%E3%81%9F%22%2C%22conjugationForm%22%3A%22%E5%9F%BA%E6%9C%AC%E5%BD%A2%22%2C%22conjugationType%22%3A%22%E7%89%B9%E6%AE%8A%E3%83%BB%E3%82%BF%22%2C%22pos%22%3A32%2C%22freqNF%22%3A%224%22%2C%22freqWK%22%3A%2299999%22%2C%22partsOfSpeech%22%3A%5B%22%E5%8A%A9%E5%8B%95%E8%A9%9E%22%5D%7D%2C%7B%22surface%22%3A%22%E3%82%88%22%2C%22pos%22%3A33%2C%22freqNF%22%3A%2212%22%2C%22freqWK%22%3A%221245%22%2C%22partsOfSpeech%22%3A%5B%22%E5%8A%A9%E8%A9%9E%22%2C%22%E7%B5%82%E5%8A%A9%E8%A9%9E%22%5D%7D%2C%7B%22surface%22%3A%22%E3%80%82%22%2C%22pos%22%3A34%2C%22freqNF%22%3A%2299999%22%2C%22freqWK%22%3A%2299999%22%2C%22partsOfSpeech%22%3A%5B%22%E8%A8%98%E5%8F%B7%22%2C%22%E5%8F%A5%E7%82%B9%22%5D%7D%5D
明日は試験だぞ。つっても、勉強はしてないだろうな。	"Yo, tomorrow’s the test. Even if I say that, you probably didn’t study anyway, huh?<br>- 「という」 together, it becomes something resembling 「つ」<br>#<ruby>と言う<rt>という</rt></ruby>:<ul><li>called; named; that says; that<div class=""info"">(Expression; usu. written as kana)</div></li><li>as many as; as much as<div class=""info"">(after a quantity; usu. written as kana)</div></li></ul>"	http://www.guidetojapanese.org/learn/grammar/slang#Using_for	anime1/1601569198138-明日は試験だぞつっても勉強はしてないだろうな.mp3	%5B%7B%22surface%22%3A%22%E6%98%8E%E6%97%A5%22%2C%22reading%22%3A%22%E3%82%A2%E3%82%B7%E3%82%BF%22%2C%22pos%22%3A0%2C%22freqNF%22%3A%22298%22%2C%22freqWK%22%3A%225171%22%2C%22partsOfSpeech%22%3A%5B%22%E5%90%8D%E8%A9%9E%22%2C%22%E5%89%AF%E8%A9%9E%E5%8F%AF%E8%83%BD%22%5D%7D%2C%7B%22surface%22%3A%22%E3%81%AF%22%2C%22pronunciation%22%3A%22%E3%83%AF%22%2C%22pos%22%3A2%2C%22freqNF%22%3A%222%22%2C%22freqWK%22%3A%224%22%2C%22partsOfSpeech%22%3A%5B%22%E5%8A%A9%E8%A9%9E%22%2C%22%E4%BF%82%E5%8A%A9%E8%A9%9E%22%5D%7D%2C%7B%22surface%22%3A%22%E8%A9%A6%E9%A8%93%22%2C%22reading%22%3A%22%E3%82%B7%E3%82%B1%E3%83%B3%22%2C%22pos%22%3A3%2C%22freqNF%22%3A%221578%22%2C%22freqWK%22%3A%22672%22%2C%22partsOfSpeech%22%3A%5B%22%E5%90%8D%E8%A9%9E%22%2C%22%E3%82%B5%E5%A4%89%E6%8E%A5%E7%B6%9A%22%5D%7D%2C%7B%22surface%22%3A%22%E3%81%A0%22%2C%22conjugationForm%22%3A%22%E5%9F%BA%E6%9C%AC%E5%BD%A2%22%2C%22conjugationType%22%3A%22%E7%89%B9%E6%AE%8A%E3%83%BB%E3%83%80%22%2C%22pos%22%3A5%2C%22freqNF%22%3A%2292%22%2C%22freqWK%22%3A%2210%22%2C%22partsOfSpeech%22%3A%5B%22%E5%8A%A9%E5%8B%95%E8%A9%9E%22%5D%7D%2C%7B%22surface%22%3A%22%E3%81%9E%22%2C%22pos%22%3A6%2C%22freqNF%22%3A%2253%22%2C%22freqWK%22%3A%2210211%22%2C%22partsOfSpeech%22%3A%5B%22%E5%8A%A9%E8%A9%9E%22%2C%22%E7%B5%82%E5%8A%A9%E8%A9%9E%22%5D%7D%2C%7B%22surface%22%3A%22%E3%80%82%22%2C%22pos%22%3A7%2C%22freqNF%22%3A%2299999%22%2C%22freqWK%22%3A%2299999%22%2C%22partsOfSpeech%22%3A%5B%22%E8%A8%98%E5%8F%B7%22%2C%22%E5%8F%A5%E7%82%B9%22%5D%7D%2C%7B%22surface%22%3A%22%E3%81%A4%E3%81%A3%22%2C%22baseForm%22%3A%22%E3%81%A4%E3%82%8B%22%2C%22conjugationForm%22%3A%22%E9%80%A3%E7%94%A8%E3%82%BF%E6%8E%A5%E7%B6%9A%22%2C%22conjugationType%22%3A%22%E4%BA%94%E6%AE%B5%E3%83%BB%E3%83%A9%E8%A1%8C%22%2C%22pos%22%3A8%2C%22freqNF%22%3A%227703%22%2C%22freqWK%22%3A%2299999%22%2C%22partsOfSpeech%22%3A%5B%22%E5%8B%95%E8%A9%9E%22%2C%22%E8%87%AA%E7%AB%8B%22%5D%7D%2C%7B%22surface%22%3A%22%E3%81%A6%22%2C%22pos%22%3A10%2C%22freqNF%22%3A%227%22%2C%22freqWK%22%3A%2299999%22%2C%22partsOfSpeech%22%3A%5B%22%E5%8A%A9%E8%A9%9E%22%2C%22%E6%8E%A5%E7%B6%9A%E5%8A%A9%E8%A9%9E%22%5D%7D%2C%7B%22surface%22%3A%22%E3%82%82%22%2C%22pos%22%3A11%2C%22freqNF%22%3A%2210%22%2C%22freqWK%22%3A%2212%22%2C%22partsOfSpeech%22%3A%5B%22%E5%8A%A9%E8%A9%9E%22%2C%22%E4%BF%82%E5%8A%A9%E8%A9%9E%22%5D%7D%2C%7B%22surface%22%3A%22%E3%80%81%22%2C%22pos%22%3A12%2C%22freqNF%22%3A%2299999%22%2C%22freqWK%22%3A%2299999%22%2C%22partsOfSpeech%22%3A%5B%22%E8%A8%98%E5%8F%B7%22%2C%22%E8%AA%AD%E7%82%B9%22%5D%7D%2C%7B%22surface%22%3A%22%E5%8B%89%E5%BC%B7%22%2C%22pronunciation%22%3A%22%E3%83%99%E3%83%B3%E3%82%AD%E3%83%A7%E3%83%BC%22%2C%22reading%22%3A%22%E3%83%99%E3%83%B3%E3%82%AD%E3%83%A7%E3%82%A6%22%2C%22pos%22%3A13%2C%22freqNF%22%3A%22801%22%2C%22freqWK%22%3A%224716%22%2C%22partsOfSpeech%22%3A%5B%22%E5%90%8D%E8%A9%9E%22%2C%22%E3%82%B5%E5%A4%89%E6%8E%A5%E7%B6%9A%22%5D%7D%2C%7B%22surface%22%3A%22%E3%81%AF%22%2C%22pronunciation%22%3A%22%E3%83%AF%22%2C%22pos%22%3A15%2C%22freqNF%22%3A%222%22%2C%22freqWK%22%3A%224%22%2C%22partsOfSpeech%22%3A%5B%22%E5%8A%A9%E8%A9%9E%22%2C%22%E4%BF%82%E5%8A%A9%E8%A9%9E%22%5D%7D%2C%7B%22surface%22%3A%22%E3%81%97%22%2C%22baseForm%22%3A%22%E3%81%99%E3%82%8B%22%2C%22conjugationForm%22%3A%22%E9%80%A3%E7%94%A8%E5%BD%A2%22%2C%22conjugationType%22%3A%22%E3%82%B5%E5%A4%89%E3%83%BB%E3%82%B9%E3%83%AB%22%2C%22pos%22%3A16%2C%22freqNF%22%3A%229%22%2C%22freqWK%22%3A%223%22%2C%22partsOfSpeech%22%3A%5B%22%E5%8B%95%E8%A9%9E%22%2C%22%E8%87%AA%E7%AB%8B%22%5D%7D%2C%7B%22surface%22%3A%22%E3%81%A6%22%2C%22baseForm%22%3A%22%E3%81%A6%E3%82%8B%22%2C%22conjugationForm%22%3A%22%E6%9C%AA%E7%84%B6%E5%BD%A2%22%2C%22conjugationType%22%3A%22%E4%B8%80%E6%AE%B5%22%2C%22pos%22%3A17%2C%22freqNF%22%3A%2215%22%2C%22freqWK%22%3A%2299999%22%2C%22partsOfSpeech%22%3A%5B%22%E5%8B%95%E8%A9%9E%22%2C%22%E9%9D%9E%E8%87%AA%E7%AB%8B%22%5D%7D%2C%7B%22surface%22%3A%22%E3%81%AA%E3%81%84%22%2C%22conjugationForm%22%3A%22%E5%9F%BA%E6%9C%AC%E5%BD%A2%22%2C%22conjugationType%22%3A%22%E7%89%B9%E6%AE%8A%E3%83%BB%E3%83%8A%E3%82%A4%22%2C%22pos%22%3A18%2C%22freqNF%22%3A%2214%22%2C%22freqWK%22%3A%226815%22%2C%22partsOfSpeech%22%3A%5B%22%E5%8A%A9%E5%8B%95%E8%A9%9E%22%5D%7D%2C%7B%22surface%22%3A%22%E3%81%A0%E3%82%8D%22%2C%22baseForm%22%3A%22%E3%81%A0%22%2C%22conjugationForm%22%3A%22%E6%9C%AA%E7%84%B6%E5%BD%A2%22%2C%22conjugationType%22%3A%22%E7%89%B9%E6%AE%8A%E3%83%BB%E3%83%80%22%2C%22pos%22%3A20%2C%22freqNF%22%3A%2292%22%2C%22freqWK%22%3A%2210%22%2C%22partsOfSpeech%22%3A%5B%22%E5%8A%A9%E5%8B%95%E8%A9%9E%22%5D%7D%2C%7B%22surface%22%3A%22%E3%81%86%22%2C%22conjugationForm%22%3A%22%E5%9F%BA%E6%9C%AC%E5%BD%A2%22%2C%22conjugationType%22%3A%22%E4%B8%8D%E5%A4%89%E5%8C%96%E5%9E%8B%22%2C%22pos%22%3A22%2C%22freqNF%22%3A%22626%22%2C%22freqWK%22%3A%2299999%22%2C%22partsOfSpeech%22%3A%5B%22%E5%8A%A9%E5%8B%95%E8%A9%9E%22%5D%7D%2C%7B%22surface%22%3A%22%E3%81%AA%22%2C%22pos%22%3A23%2C%22freqNF%22%3A%2222%22%2C%22freqWK%22%3A%222279%22%2C%22partsOfSpeech%22%3A%5B%22%E5%8A%A9%E8%A9%9E%22%2C%22%E7%B5%82%E5%8A%A9%E8%A9%9E%22%5D%7D%2C%7B%22surface%22%3A%22%E3%80%82%22%2C%22pos%22%3A24%2C%22freqNF%22%3A%2299999%22%2C%22freqWK%22%3A%2299999%22%2C%22partsOfSpeech%22%3A%5B%22%E8%A8%98%E5%8F%B7%22%2C%22%E5%8F%A5%E7%82%B9%22%5D%7D%5D
だから、違うんだつうの！	"Like I said, you’re wrong!<br>- slur 「という」 together, it becomes something resembling 「つ」<br>#<ruby>言う<rt>いう</rt></ruby>:<ul><li>to say; to utter; to declare<div class=""info"">(Godan verb with u ending)</div></li><li>to name; to call</li><li class='np'><span class='ofrms'>Other Forms　<ruby>云う<rt>いう</rt></ruby>、<ruby>云う<rt>ゆう</rt></ruby>、<ruby>謂う<rt>いう</rt></ruby>、<ruby>謂う<rt>ゆう</rt></ruby></span></li></ul>"	http://www.guidetojapanese.org/learn/grammar/slang#Using_for	anime1/1601569198138-だから違うんだつうの.mp3	%5B%7B%22surface%22%3A%22%E3%81%A0%E3%81%8B%E3%82%89%22%2C%22pos%22%3A0%2C%22freqNF%22%3A%2299999%22%2C%22freqWK%22%3A%2214018%22%2C%22partsOfSpeech%22%3A%5B%22%E6%8E%A5%E7%B6%9A%E8%A9%9E%22%5D%7D%2C%7B%22surface%22%3A%22%E3%80%81%22%2C%22pos%22%3A3%2C%22freqNF%22%3A%2299999%22%2C%22freqWK%22%3A%2299999%22%2C%22partsOfSpeech%22%3A%5B%22%E8%A8%98%E5%8F%B7%22%2C%22%E8%AA%AD%E7%82%B9%22%5D%7D%2C%7B%22surface%22%3A%22%E9%81%95%E3%81%86%22%2C%22conjugationForm%22%3A%22%E5%9F%BA%E6%9C%AC%E5%BD%A2%22%2C%22conjugationType%22%3A%22%E4%BA%94%E6%AE%B5%E3%83%BB%E3%83%AF%E8%A1%8C%E4%BF%83%E9%9F%B3%E4%BE%BF%22%2C%22reading%22%3A%22%E3%83%81%E3%82%AC%E3%82%A6%22%2C%22pos%22%3A4%2C%22freqNF%22%3A%22101%22%2C%22freqWK%22%3A%22687%22%2C%22partsOfSpeech%22%3A%5B%22%E5%8B%95%E8%A9%9E%22%2C%22%E8%87%AA%E7%AB%8B%22%5D%7D%2C%7B%22surface%22%3A%22%E3%82%93%22%2C%22pos%22%3A6%2C%22freqNF%22%3A%2220%22%2C%22freqWK%22%3A%222394%22%2C%22partsOfSpeech%22%3A%5B%22%E5%90%8D%E8%A9%9E%22%2C%22%E9%9D%9E%E8%87%AA%E7%AB%8B%22%2C%22%E4%B8%80%E8%88%AC%22%5D%7D%2C%7B%22surface%22%3A%22%E3%81%A0%22%2C%22conjugationForm%22%3A%22%E5%9F%BA%E6%9C%AC%E5%BD%A2%22%2C%22conjugationType%22%3A%22%E7%89%B9%E6%AE%8A%E3%83%BB%E3%83%80%22%2C%22pos%22%3A7%2C%22freqNF%22%3A%2292%22%2C%22freqWK%22%3A%2210%22%2C%22partsOfSpeech%22%3A%5B%22%E5%8A%A9%E5%8B%95%E8%A9%9E%22%5D%7D%2C%7B%22surface%22%3A%22%E3%81%A4%E3%81%86%22%2C%22pronunciation%22%3A%22%E3%83%84%E3%83%BC%22%2C%22pos%22%3A8%2C%22freqNF%22%3A%22456%22%2C%22freqWK%22%3A%2299999%22%2C%22partsOfSpeech%22%3A%5B%22%E5%90%8D%E8%A9%9E%22%2C%22%E4%B8%80%E8%88%AC%22%5D%7D%2C%7B%22surface%22%3A%22%E3%81%AE%22%2C%22pos%22%3A10%2C%22freqNF%22%3A%223%22%2C%22freqWK%22%3A%221%22%2C%22partsOfSpeech%22%3A%5B%22%E5%8A%A9%E8%A9%9E%22%2C%22%E9%80%A3%E4%BD%93%E5%8C%96%22%5D%7D%2C%7B%22surface%22%3A%22%EF%BC%81%22%2C%22pos%22%3A11%2C%22freqNF%22%3A%2299999%22%2C%22freqWK%22%3A%2299999%22%2C%22partsOfSpeech%22%3A%5B%22%E8%A8%98%E5%8F%B7%22%2C%22%E4%B8%80%E8%88%AC%22%5D%7D%5D
だから、違うんだっつうの！	"Like I said, you’re wrong!<br>- slur 「という」 together, it becomes something resembling 「つ」<br>- If you want even more emphasis, you can even add a small 「つ」. This usually means you are really at the brink of your patience.<br>- same as と言う<br>#<ruby>っつー</ruby>:<ul><li>meaning; called; said<div class=""info"">(Conjunction; Colloquialism)</div></li><li class='np'><span class='ofrms'>Other Forms　<ruby>っつう</ruby></span></li></ul><br>#<ruby>と言う<rt>という</rt></ruby>:<ul><li>called; named; that says; that<div class=""info"">(Expression; usu. written as kana)</div></li></ul>"	http://www.guidetojapanese.org/learn/grammar/slang#Using_for	anime1/1601569198139-だから違うんだっつうの.mp3	%5B%7B%22surface%22%3A%22%E3%81%A0%E3%81%8B%E3%82%89%22%2C%22pos%22%3A0%2C%22freqNF%22%3A%2299999%22%2C%22freqWK%22%3A%2214018%22%2C%22partsOfSpeech%22%3A%5B%22%E6%8E%A5%E7%B6%9A%E8%A9%9E%22%5D%7D%2C%7B%22surface%22%3A%22%E3%80%81%22%2C%22pos%22%3A3%2C%22freqNF%22%3A%2299999%22%2C%22freqWK%22%3A%2299999%22%2C%22partsOfSpeech%22%3A%5B%22%E8%A8%98%E5%8F%B7%22%2C%22%E8%AA%AD%E7%82%B9%22%5D%7D%2C%7B%22surface%22%3A%22%E9%81%95%E3%81%86%22%2C%22conjugationForm%22%3A%22%E5%9F%BA%E6%9C%AC%E5%BD%A2%22%2C%22conjugationType%22%3A%22%E4%BA%94%E6%AE%B5%E3%83%BB%E3%83%AF%E8%A1%8C%E4%BF%83%E9%9F%B3%E4%BE%BF%22%2C%22reading%22%3A%22%E3%83%81%E3%82%AC%E3%82%A6%22%2C%22pos%22%3A4%2C%22freqNF%22%3A%22101%22%2C%22freqWK%22%3A%22687%22%2C%22partsOfSpeech%22%3A%5B%22%E5%8B%95%E8%A9%9E%22%2C%22%E8%87%AA%E7%AB%8B%22%5D%7D%2C%7B%22surface%22%3A%22%E3%82%93%22%2C%22pos%22%3A6%2C%22freqNF%22%3A%2220%22%2C%22freqWK%22%3A%222394%22%2C%22partsOfSpeech%22%3A%5B%22%E5%90%8D%E8%A9%9E%22%2C%22%E9%9D%9E%E8%87%AA%E7%AB%8B%22%2C%22%E4%B8%80%E8%88%AC%22%5D%7D%2C%7B%22surface%22%3A%22%E3%81%A0%E3%81%A3%22%2C%22baseForm%22%3A%22%E3%81%A0%22%2C%22conjugationForm%22%3A%22%E9%80%A3%E7%94%A8%E3%82%BF%E6%8E%A5%E7%B6%9A%22%2C%22conjugationType%22%3A%22%E7%89%B9%E6%AE%8A%E3%83%BB%E3%83%80%22%2C%22pos%22%3A7%2C%22freqNF%22%3A%2292%22%2C%22freqWK%22%3A%2210%22%2C%22partsOfSpeech%22%3A%5B%22%E5%8A%A9%E5%8B%95%E8%A9%9E%22%5D%7D%2C%7B%22surface%22%3A%22%E3%81%A4%E3%81%86%22%2C%22pronunciation%22%3A%22%E3%83%84%E3%83%BC%22%2C%22pos%22%3A9%2C%22freqNF%22%3A%22456%22%2C%22freqWK%22%3A%2299999%22%2C%22partsOfSpeech%22%3A%5B%22%E5%90%8D%E8%A9%9E%22%2C%22%E4%B8%80%E8%88%AC%22%5D%7D%2C%7B%22surface%22%3A%22%E3%81%AE%22%2C%22pos%22%3A11%2C%22freqNF%22%3A%223%22%2C%22freqWK%22%3A%221%22%2C%22partsOfSpeech%22%3A%5B%22%E5%8A%A9%E8%A9%9E%22%2C%22%E9%80%A3%E4%BD%93%E5%8C%96%22%5D%7D%2C%7B%22surface%22%3A%22%EF%BC%81%22%2C%22pos%22%3A12%2C%22freqNF%22%3A%2299999%22%2C%22freqWK%22%3A%2299999%22%2C%22partsOfSpeech%22%3A%5B%22%E8%A8%98%E5%8F%B7%22%2C%22%E4%B8%80%E8%88%AC%22%5D%7D%5D
もう行くってば！	"I told you I’m going already!<br>- 「ってば」 and 「ったら」 is yet another type of abbreviation for 「という」 similar to 「って」<br>- In this case, it’s an abbreviation of the conditional form of 「という」, which is 「といえば」 and 「といったら」<br>#<ruby>てば</ruby>:<ul><li>speaking of<div class=""info"">(Particle; indicates emotional closeness or annoyance with someone; Colloquialism)</div></li><li>(I told you) already; come on<div class=""info"">(indicates annoyance (in sentence-final position); Colloquialism)</div></li><li class='np'><span class='ofrms'>Other Forms　<ruby>ってば</ruby></span></li></ul><br>#<ruby>と言えば<rt>といえば</rt></ruby>:<ul><li>speaking of ...<div class=""info"">(Expression; usu. written as kana)</div></li><li>when it comes to ...; as for ...; if one were to say ...<div class=""info"">(usu. written as kana)</div></li></ul>"	http://www.guidetojapanese.org/learn/grammar/slang#Using_and_to_show_exasperation	anime1/1601569198139-もう行くってば.mp3	%5B%7B%22surface%22%3A%22%E3%82%82%E3%81%86%22%2C%22pronunciation%22%3A%22%E3%83%A2%E3%83%BC%22%2C%22pos%22%3A0%2C%22freqNF%22%3A%2251%22%2C%22freqWK%22%3A%221269%22%2C%22partsOfSpeech%22%3A%5B%22%E5%89%AF%E8%A9%9E%22%2C%22%E4%B8%80%E8%88%AC%22%5D%7D%2C%7B%22surface%22%3A%22%E8%A1%8C%E3%81%8F%22%2C%22conjugationForm%22%3A%22%E5%9F%BA%E6%9C%AC%E5%BD%A2%22%2C%22conjugationType%22%3A%22%E4%BA%94%E6%AE%B5%E3%83%BB%E3%82%AB%E8%A1%8C%E4%BF%83%E9%9F%B3%E4%BE%BF%22%2C%22reading%22%3A%22%E3%82%A4%E3%82%AF%22%2C%22pos%22%3A2%2C%22freqNF%22%3A%2246%22%2C%22freqWK%22%3A%2282%22%2C%22partsOfSpeech%22%3A%5B%22%E5%8B%95%E8%A9%9E%22%2C%22%E8%87%AA%E7%AB%8B%22%5D%7D%2C%7B%22surface%22%3A%22%E3%81%A3%E3%81%A6%22%2C%22pos%22%3A4%2C%22freqNF%22%3A%2238%22%2C%22freqWK%22%3A%223501%22%2C%22partsOfSpeech%22%3A%5B%22%E5%8A%A9%E8%A9%9E%22%2C%22%E6%A0%BC%E5%8A%A9%E8%A9%9E%22%2C%22%E9%80%A3%E8%AA%9E%22%5D%7D%2C%7B%22surface%22%3A%22%E3%81%B0%22%2C%22pos%22%3A6%2C%22freqNF%22%3A%2247%22%2C%22freqWK%22%3A%2299999%22%2C%22partsOfSpeech%22%3A%5B%22%E5%8A%A9%E8%A9%9E%22%2C%22%E6%8E%A5%E7%B6%9A%E5%8A%A9%E8%A9%9E%22%5D%7D%2C%7B%22surface%22%3A%22%EF%BC%81%22%2C%22pos%22%3A7%2C%22freqNF%22%3A%2299999%22%2C%22freqWK%22%3A%2299999%22%2C%22partsOfSpeech%22%3A%5B%22%E8%A8%98%E5%8F%B7%22%2C%22%E4%B8%80%E8%88%AC%22%5D%7D%5D
あなたったら、いつも忘れるんだから。	"You’re always forgetting.<br>- 「ってば」 and 「ったら」 is yet another type of abbreviation for 「という」 similar to 「って」<br>- In this case, it’s an abbreviation of the conditional form of 「という」, which is 「といえば」 and 「といったら」<br>#<ruby>たら</ruby>:<ul><li>indicates supposition; if ... then; when; after<div class=""info"">(Conjunction; Particle)</div></li><li>(typically after someone's name) indicates exasperation<div class=""info"">(Particle; usu. ったら)</div></li><li class='np'><span class='ofrms'>Other Forms　<ruby>ったら</ruby></span></li></ul>"	http://www.guidetojapanese.org/learn/grammar/slang#Using_and_to_show_exasperation	anime1/1601569198139-あなたったらいつも忘れるんだから.mp3	%5B%7B%22surface%22%3A%22%E3%81%82%E3%81%AA%22%2C%22pos%22%3A0%2C%22freqNF%22%3A%2212731%22%2C%22freqWK%22%3A%2299999%22%2C%22partsOfSpeech%22%3A%5B%22%E5%90%8D%E8%A9%9E%22%2C%22%E4%B8%80%E8%88%AC%22%5D%7D%2C%7B%22surface%22%3A%22%E3%81%9F%E3%81%A3%22%2C%22baseForm%22%3A%22%E3%81%9F%E3%81%A4%22%2C%22conjugationForm%22%3A%22%E9%80%A3%E7%94%A8%E3%82%BF%E6%8E%A5%E7%B6%9A%22%2C%22conjugationType%22%3A%22%E4%BA%94%E6%AE%B5%E3%83%BB%E3%82%BF%E8%A1%8C%22%2C%22pos%22%3A2%2C%22freqNF%22%3A%221567%22%2C%22freqWK%22%3A%2299999%22%2C%22partsOfSpeech%22%3A%5B%22%E5%8B%95%E8%A9%9E%22%2C%22%E8%87%AA%E7%AB%8B%22%5D%7D%2C%7B%22surface%22%3A%22%E3%81%9F%E3%82%89%22%2C%22baseForm%22%3A%22%E3%81%9F%22%2C%22conjugationForm%22%3A%22%E4%BB%AE%E5%AE%9A%E5%BD%A2%22%2C%22conjugationType%22%3A%22%E7%89%B9%E6%AE%8A%E3%83%BB%E3%82%BF%22%2C%22pos%22%3A4%2C%22freqNF%22%3A%224%22%2C%22freqWK%22%3A%2299999%22%2C%22partsOfSpeech%22%3A%5B%22%E5%8A%A9%E5%8B%95%E8%A9%9E%22%5D%7D%2C%7B%22surface%22%3A%22%E3%80%81%22%2C%22pos%22%3A6%2C%22freqNF%22%3A%2299999%22%2C%22freqWK%22%3A%2299999%22%2C%22partsOfSpeech%22%3A%5B%22%E8%A8%98%E5%8F%B7%22%2C%22%E8%AA%AD%E7%82%B9%22%5D%7D%2C%7B%22surface%22%3A%22%E3%81%84%E3%81%A4%E3%82%82%22%2C%22pos%22%3A7%2C%22freqNF%22%3A%2299999%22%2C%22freqWK%22%3A%2299999%22%2C%22partsOfSpeech%22%3A%5B%22%E5%89%AF%E8%A9%9E%22%2C%22%E4%B8%80%E8%88%AC%22%5D%7D%2C%7B%22surface%22%3A%22%E5%BF%98%E3%82%8C%E3%82%8B%22%2C%22conjugationForm%22%3A%22%E5%9F%BA%E6%9C%AC%E5%BD%A2%22%2C%22conjugationType%22%3A%22%E4%B8%80%E6%AE%B5%22%2C%22reading%22%3A%22%E3%83%AF%E3%82%B9%E3%83%AC%E3%83%AB%22%2C%22pos%22%3A10%2C%22freqNF%22%3A%22221%22%2C%22freqWK%22%3A%224447%22%2C%22partsOfSpeech%22%3A%5B%22%E5%8B%95%E8%A9%9E%22%2C%22%E8%87%AA%E7%AB%8B%22%5D%7D%2C%7B%22surface%22%3A%22%E3%82%93%22%2C%22pos%22%3A13%2C%22freqNF%22%3A%2220%22%2C%22freqWK%22%3A%222394%22%2C%22partsOfSpeech%22%3A%5B%22%E5%90%8D%E8%A9%9E%22%2C%22%E9%9D%9E%E8%87%AA%E7%AB%8B%22%2C%22%E4%B8%80%E8%88%AC%22%5D%7D%2C%7B%22surface%22%3A%22%E3%81%A0%22%2C%22conjugationForm%22%3A%22%E5%9F%BA%E6%9C%AC%E5%BD%A2%22%2C%22conjugationType%22%3A%22%E7%89%B9%E6%AE%8A%E3%83%BB%E3%83%80%22%2C%22pos%22%3A14%2C%22freqNF%22%3A%2292%22%2C%22freqWK%22%3A%2210%22%2C%22partsOfSpeech%22%3A%5B%22%E5%8A%A9%E5%8B%95%E8%A9%9E%22%5D%7D%2C%7B%22surface%22%3A%22%E3%81%8B%E3%82%89%22%2C%22pos%22%3A15%2C%22freqNF%22%3A%2231%22%2C%22freqWK%22%3A%2213%22%2C%22partsOfSpeech%22%3A%5B%22%E5%8A%A9%E8%A9%9E%22%2C%22%E6%8E%A5%E7%B6%9A%E5%8A%A9%E8%A9%9E%22%5D%7D%2C%7B%22surface%22%3A%22%E3%80%82%22%2C%22pos%22%3A17%2C%22freqNF%22%3A%2299999%22%2C%22freqWK%22%3A%2299999%22%2C%22partsOfSpeech%22%3A%5B%22%E8%A8%98%E5%8F%B7%22%2C%22%E5%8F%A5%E7%82%B9%22%5D%7D%5D
なんか食べる？	Eat something?<br>- Full: なにか食べる？<br>- while 「なにか」 is the correct reading, it is often contracted to just 「なんか」 in casual speech.<br>	http://www.guidetojapanese.org/learn/grammar/slang#Using_just_about_everywhere	anime1/1601569198140-なんか食べる.mp3	%5B%7B%22surface%22%3A%22%E3%81%AA%E3%82%93%E3%81%8B%22%2C%22pos%22%3A0%2C%22freqNF%22%3A%22340%22%2C%22freqWK%22%3A%2216525%22%2C%22partsOfSpeech%22%3A%5B%22%E3%83%95%E3%82%A3%E3%83%A9%E3%83%BC%22%5D%7D%2C%7B%22surface%22%3A%22%E9%A3%9F%E3%81%B9%E3%82%8B%22%2C%22conjugationForm%22%3A%22%E5%9F%BA%E6%9C%AC%E5%BD%A2%22%2C%22conjugationType%22%3A%22%E4%B8%80%E6%AE%B5%22%2C%22reading%22%3A%22%E3%82%BF%E3%83%99%E3%83%AB%22%2C%22pos%22%3A3%2C%22freqNF%22%3A%22165%22%2C%22freqWK%22%3A%222074%22%2C%22partsOfSpeech%22%3A%5B%22%E5%8B%95%E8%A9%9E%22%2C%22%E8%87%AA%E7%AB%8B%22%5D%7D%2C%7B%22surface%22%3A%22%EF%BC%9F%22%2C%22pos%22%3A6%2C%22freqNF%22%3A%2299999%22%2C%22freqWK%22%3A%2299999%22%2C%22partsOfSpeech%22%3A%5B%22%E8%A8%98%E5%8F%B7%22%2C%22%E4%B8%80%E8%88%AC%22%5D%7D%5D
今日は、なんか忙しいみたいよ。	"I guess he’s like busy today.<br>- 「なんか」 also has a function similar to the word “like” in English. <br>- While 「なんか」 is a shorter version of 「なにか」, only 「なんか」 can be used in this way as a filler.<br>#<ruby>なんか</ruby>:<ul><li>things like ...; or something like that ...<div class=""info"">(Expression; Suffix; often derogatory)</div></li></ul>"	http://www.guidetojapanese.org/learn/grammar/slang#Using_just_about_everywhere	anime1/1601569198140-今日はなんか忙しいみたいよ.mp3	%5B%7B%22surface%22%3A%22%E4%BB%8A%E6%97%A5%22%2C%22pronunciation%22%3A%22%E3%82%AD%E3%83%A7%E3%83%BC%22%2C%22reading%22%3A%22%E3%82%AD%E3%83%A7%E3%82%A6%22%2C%22pos%22%3A0%2C%22freqNF%22%3A%22147%22%2C%22freqWK%22%3A%221331%22%2C%22partsOfSpeech%22%3A%5B%22%E5%90%8D%E8%A9%9E%22%2C%22%E5%89%AF%E8%A9%9E%E5%8F%AF%E8%83%BD%22%5D%7D%2C%7B%22surface%22%3A%22%E3%81%AF%22%2C%22pronunciation%22%3A%22%E3%83%AF%22%2C%22pos%22%3A2%2C%22freqNF%22%3A%222%22%2C%22freqWK%22%3A%224%22%2C%22partsOfSpeech%22%3A%5B%22%E5%8A%A9%E8%A9%9E%22%2C%22%E4%BF%82%E5%8A%A9%E8%A9%9E%22%5D%7D%2C%7B%22surface%22%3A%22%E3%80%81%22%2C%22pos%22%3A3%2C%22freqNF%22%3A%2299999%22%2C%22freqWK%22%3A%2299999%22%2C%22partsOfSpeech%22%3A%5B%22%E8%A8%98%E5%8F%B7%22%2C%22%E8%AA%AD%E7%82%B9%22%5D%7D%2C%7B%22surface%22%3A%22%E3%81%AA%E3%82%93%E3%81%8B%22%2C%22pos%22%3A4%2C%22freqNF%22%3A%22340%22%2C%22freqWK%22%3A%2216525%22%2C%22partsOfSpeech%22%3A%5B%22%E3%83%95%E3%82%A3%E3%83%A9%E3%83%BC%22%5D%7D%2C%7B%22surface%22%3A%22%E5%BF%99%E3%81%97%E3%81%84%22%2C%22conjugationForm%22%3A%22%E5%9F%BA%E6%9C%AC%E5%BD%A2%22%2C%22conjugationType%22%3A%22%E5%BD%A2%E5%AE%B9%E8%A9%9E%E3%83%BB%E3%82%A4%E6%AE%B5%22%2C%22reading%22%3A%22%E3%82%A4%E3%82%BD%E3%82%AC%E3%82%B7%E3%82%A4%22%2C%22pos%22%3A7%2C%22freqNF%22%3A%22698%22%2C%22freqWK%22%3A%2215783%22%2C%22partsOfSpeech%22%3A%5B%22%E5%BD%A2%E5%AE%B9%E8%A9%9E%22%2C%22%E8%87%AA%E7%AB%8B%22%5D%7D%2C%7B%22surface%22%3A%22%E3%81%BF%E3%81%9F%E3%81%84%22%2C%22pos%22%3A10%2C%22freqNF%22%3A%22126%22%2C%22freqWK%22%3A%2212177%22%2C%22partsOfSpeech%22%3A%5B%22%E5%90%8D%E8%A9%9E%22%2C%22%E9%9D%9E%E8%87%AA%E7%AB%8B%22%2C%22%E5%BD%A2%E5%AE%B9%E5%8B%95%E8%A9%9E%E8%AA%9E%E5%B9%B9%22%5D%7D%2C%7B%22surface%22%3A%22%E3%82%88%22%2C%22pos%22%3A13%2C%22freqNF%22%3A%2212%22%2C%22freqWK%22%3A%221245%22%2C%22partsOfSpeech%22%3A%5B%22%E5%8A%A9%E8%A9%9E%22%2C%22%E7%B5%82%E5%8A%A9%E8%A9%9E%22%5D%7D%2C%7B%22surface%22%3A%22%E3%80%82%22%2C%22pos%22%3A14%2C%22freqNF%22%3A%2299999%22%2C%22freqWK%22%3A%2299999%22%2C%22partsOfSpeech%22%3A%5B%22%E8%A8%98%E5%8F%B7%22%2C%22%E5%8F%A5%E7%82%B9%22%5D%7D%5D
なんかね。お風呂って超気持ちいいよね！	"Like, baths feel really good, huh?<br>- 「なんか」 also has a function similar to the word “like” in English. <br>- While 「なんか」 is a shorter version of 「なにか」, only 「なんか」 can be used in this way as a filler.<br>#<ruby>なんか</ruby>:<ul><li>things like ...; or something like that ...<div class=""info"">(Expression; Suffix; often derogatory)</div></li></ul>"	http://www.guidetojapanese.org/learn/grammar/slang#Using_just_about_everywhere	anime1/1601569198140-なんかねお風呂って超気持ちいいよね.mp3	%5B%7B%22surface%22%3A%22%E3%81%AA%E3%82%93%E3%81%8B%22%2C%22pos%22%3A0%2C%22freqNF%22%3A%22340%22%2C%22freqWK%22%3A%2216525%22%2C%22partsOfSpeech%22%3A%5B%22%E3%83%95%E3%82%A3%E3%83%A9%E3%83%BC%22%5D%7D%2C%7B%22surface%22%3A%22%E3%81%AD%22%2C%22pos%22%3A3%2C%22freqNF%22%3A%2219%22%2C%22freqWK%22%3A%223243%22%2C%22partsOfSpeech%22%3A%5B%22%E5%8A%A9%E8%A9%9E%22%2C%22%E7%B5%82%E5%8A%A9%E8%A9%9E%22%5D%7D%2C%7B%22surface%22%3A%22%E3%80%82%22%2C%22pos%22%3A4%2C%22freqNF%22%3A%2299999%22%2C%22freqWK%22%3A%2299999%22%2C%22partsOfSpeech%22%3A%5B%22%E8%A8%98%E5%8F%B7%22%2C%22%E5%8F%A5%E7%82%B9%22%5D%7D%2C%7B%22surface%22%3A%22%E3%81%8A%22%2C%22pos%22%3A5%2C%22freqNF%22%3A%2225%22%2C%22freqWK%22%3A%2299999%22%2C%22partsOfSpeech%22%3A%5B%22%E6%8E%A5%E9%A0%AD%E8%A9%9E%22%2C%22%E5%90%8D%E8%A9%9E%E6%8E%A5%E7%B6%9A%22%5D%7D%2C%7B%22surface%22%3A%22%E9%A2%A8%E5%91%82%22%2C%22reading%22%3A%22%E3%83%95%E3%83%AD%22%2C%22pos%22%3A6%2C%22freqNF%22%3A%221971%22%2C%22freqWK%22%3A%228158%22%2C%22partsOfSpeech%22%3A%5B%22%E5%90%8D%E8%A9%9E%22%2C%22%E4%B8%80%E8%88%AC%22%5D%7D%2C%7B%22surface%22%3A%22%E3%81%A3%E3%81%A6%22%2C%22pos%22%3A8%2C%22freqNF%22%3A%2238%22%2C%22freqWK%22%3A%223501%22%2C%22partsOfSpeech%22%3A%5B%22%E5%8A%A9%E8%A9%9E%22%2C%22%E6%A0%BC%E5%8A%A9%E8%A9%9E%22%2C%22%E9%80%A3%E8%AA%9E%22%5D%7D%2C%7B%22surface%22%3A%22%E8%B6%85%22%2C%22pronunciation%22%3A%22%E3%83%81%E3%83%A7%E3%83%BC%22%2C%22reading%22%3A%22%E3%83%81%E3%83%A7%E3%82%A6%22%2C%22pos%22%3A10%2C%22freqNF%22%3A%22769%22%2C%22freqWK%22%3A%2299999%22%2C%22partsOfSpeech%22%3A%5B%22%E6%8E%A5%E9%A0%AD%E8%A9%9E%22%2C%22%E5%90%8D%E8%A9%9E%E6%8E%A5%E7%B6%9A%22%5D%7D%2C%7B%22surface%22%3A%22%E6%B0%97%E6%8C%81%E3%81%A1%E3%81%84%E3%81%84%22%2C%22conjugationForm%22%3A%22%E5%9F%BA%E6%9C%AC%E5%BD%A2%22%2C%22conjugationType%22%3A%22%E4%B8%8D%E5%A4%89%E5%8C%96%E5%9E%8B%22%2C%22reading%22%3A%22%E3%82%AD%E3%83%A2%E3%83%81%E3%82%A4%E3%82%A4%22%2C%22pos%22%3A11%2C%22freqNF%22%3A%2299999%22%2C%22freqWK%22%3A%2299999%22%2C%22partsOfSpeech%22%3A%5B%22%E5%BD%A2%E5%AE%B9%E8%A9%9E%22%2C%22%E8%87%AA%E7%AB%8B%22%5D%7D%2C%7B%22surface%22%3A%22%E3%82%88%22%2C%22pos%22%3A16%2C%22freqNF%22%3A%2212%22%2C%22freqWK%22%3A%221245%22%2C%22partsOfSpeech%22%3A%5B%22%E5%8A%A9%E8%A9%9E%22%2C%22%E7%B5%82%E5%8A%A9%E8%A9%9E%22%5D%7D%2C%7B%22surface%22%3A%22%E3%81%AD%22%2C%22pos%22%3A17%2C%22freqNF%22%3A%2219%22%2C%22freqWK%22%3A%223243%22%2C%22partsOfSpeech%22%3A%5B%22%E5%8A%A9%E8%A9%9E%22%2C%22%E7%B5%82%E5%8A%A9%E8%A9%9E%22%5D%7D%2C%7B%22surface%22%3A%22%EF%BC%81%22%2C%22pos%22%3A18%2C%22freqNF%22%3A%2299999%22%2C%22freqWK%22%3A%2299999%22%2C%22partsOfSpeech%22%3A%5B%22%E8%A8%98%E5%8F%B7%22%2C%22%E4%B8%80%E8%88%AC%22%5D%7D%5D
お母さんが、なんか明日まで戻らないんだってよ。	"Mom said she’s not coming back until like tomorrow.<br>- 「なんか」 also has a function similar to the word “like” in English. <br>- While 「なんか」 is a shorter version of 「なにか」, only 「なんか」 can be used in this way as a filler.<br>#<ruby>なんか</ruby>:<ul><li>things like ...; or something like that ...<div class=""info"">(Expression; Suffix; often derogatory)</div></li></ul>"	http://www.guidetojapanese.org/learn/grammar/slang#Using_just_about_everywhere	anime1/1601569198141-お母さんがなんか明日まで戻らないんだってよ.mp3	%5B%7B%22surface%22%3A%22%E3%81%8A%E6%AF%8D%E3%81%95%E3%82%93%22%2C%22pronunciation%22%3A%22%E3%82%AA%E3%82%AB%E3%83%BC%E3%82%B5%E3%83%B3%22%2C%22reading%22%3A%22%E3%82%AA%E3%82%AB%E3%82%A2%E3%82%B5%E3%83%B3%22%2C%22pos%22%3A0%2C%22freqNF%22%3A%2299999%22%2C%22freqWK%22%3A%2299999%22%2C%22partsOfSpeech%22%3A%5B%22%E5%90%8D%E8%A9%9E%22%2C%22%E4%B8%80%E8%88%AC%22%5D%7D%2C%7B%22surface%22%3A%22%E3%81%8C%22%2C%22pos%22%3A4%2C%22freqNF%22%3A%228%22%2C%22freqWK%22%3A%226%22%2C%22partsOfSpeech%22%3A%5B%22%E5%8A%A9%E8%A9%9E%22%2C%22%E6%A0%BC%E5%8A%A9%E8%A9%9E%22%2C%22%E4%B8%80%E8%88%AC%22%5D%7D%2C%7B%22surface%22%3A%22%E3%80%81%22%2C%22pos%22%3A5%2C%22freqNF%22%3A%2299999%22%2C%22freqWK%22%3A%2299999%22%2C%22partsOfSpeech%22%3A%5B%22%E8%A8%98%E5%8F%B7%22%2C%22%E8%AA%AD%E7%82%B9%22%5D%7D%2C%7B%22surface%22%3A%22%E3%81%AA%E3%82%93%E3%81%8B%22%2C%22pos%22%3A6%2C%22freqNF%22%3A%22340%22%2C%22freqWK%22%3A%2216525%22%2C%22partsOfSpeech%22%3A%5B%22%E3%83%95%E3%82%A3%E3%83%A9%E3%83%BC%22%5D%7D%2C%7B%22surface%22%3A%22%E6%98%8E%E6%97%A5%22%2C%22reading%22%3A%22%E3%82%A2%E3%82%B7%E3%82%BF%22%2C%22pos%22%3A9%2C%22freqNF%22%3A%22298%22%2C%22freqWK%22%3A%225171%22%2C%22partsOfSpeech%22%3A%5B%22%E5%90%8D%E8%A9%9E%22%2C%22%E5%89%AF%E8%A9%9E%E5%8F%AF%E8%83%BD%22%5D%7D%2C%7B%22surface%22%3A%22%E3%81%BE%E3%81%A7%22%2C%22pos%22%3A11%2C%22freqNF%22%3A%2271%22%2C%22freqWK%22%3A%2227%22%2C%22partsOfSpeech%22%3A%5B%22%E5%8A%A9%E8%A9%9E%22%2C%22%E5%89%AF%E5%8A%A9%E8%A9%9E%22%5D%7D%2C%7B%22surface%22%3A%22%E6%88%BB%E3%82%89%22%2C%22baseForm%22%3A%22%E6%88%BB%E3%82%8B%22%2C%22conjugationForm%22%3A%22%E6%9C%AA%E7%84%B6%E5%BD%A2%22%2C%22conjugationType%22%3A%22%E4%BA%94%E6%AE%B5%E3%83%BB%E3%83%A9%E8%A1%8C%22%2C%22reading%22%3A%22%E3%83%A2%E3%83%89%E3%83%A9%22%2C%22pos%22%3A13%2C%22freqNF%22%3A%22146%22%2C%22freqWK%22%3A%22695%22%2C%22partsOfSpeech%22%3A%5B%22%E5%8B%95%E8%A9%9E%22%2C%22%E8%87%AA%E7%AB%8B%22%5D%7D%2C%7B%22surface%22%3A%22%E3%81%AA%E3%81%84%22%2C%22conjugationForm%22%3A%22%E5%9F%BA%E6%9C%AC%E5%BD%A2%22%2C%22conjugationType%22%3A%22%E7%89%B9%E6%AE%8A%E3%83%BB%E3%83%8A%E3%82%A4%22%2C%22pos%22%3A15%2C%22freqNF%22%3A%2214%22%2C%22freqWK%22%3A%226815%22%2C%22partsOfSpeech%22%3A%5B%22%E5%8A%A9%E5%8B%95%E8%A9%9E%22%5D%7D%2C%7B%22surface%22%3A%22%E3%82%93%22%2C%22pos%22%3A17%2C%22freqNF%22%3A%2220%22%2C%22freqWK%22%3A%222394%22%2C%22partsOfSpeech%22%3A%5B%22%E5%90%8D%E8%A9%9E%22%2C%22%E9%9D%9E%E8%87%AA%E7%AB%8B%22%2C%22%E4%B8%80%E8%88%AC%22%5D%7D%2C%7B%22surface%22%3A%22%E3%81%A0%E3%81%A3%E3%81%A6%22%2C%22pos%22%3A18%2C%22freqNF%22%3A%2216890%22%2C%22freqWK%22%3A%2217662%22%2C%22partsOfSpeech%22%3A%5B%22%E5%8A%A9%E8%A9%9E%22%2C%22%E5%89%AF%E5%8A%A9%E8%A9%9E%22%5D%7D%2C%7B%22surface%22%3A%22%E3%82%88%22%2C%22pos%22%3A21%2C%22freqNF%22%3A%2212%22%2C%22freqWK%22%3A%221245%22%2C%22partsOfSpeech%22%3A%5B%22%E5%8A%A9%E8%A9%9E%22%2C%22%E7%B5%82%E5%8A%A9%E8%A9%9E%22%5D%7D%2C%7B%22surface%22%3A%22%E3%80%82%22%2C%22pos%22%3A22%2C%22freqNF%22%3A%2299999%22%2C%22freqWK%22%3A%2299999%22%2C%22partsOfSpeech%22%3A%5B%22%E8%A8%98%E5%8F%B7%22%2C%22%E5%8F%A5%E7%82%B9%22%5D%7D%5D
なんかさ。ボブは、私のことなんか本当に好きかな？	"Hey like, do you really think that Bob likes somebody like me?<br>- 「なんか」 also has a function similar to the word “like” in English. <br>- While 「なんか」 is a shorter version of 「なにか」, only 「なんか」 can be used in this way as a filler.<br>#<ruby>なんか</ruby>:<ul><li>things like ...; or something like that ...<div class=""info"">(Expression; Suffix; often derogatory)</div></li></ul>"	http://www.guidetojapanese.org/learn/grammar/slang#Using_just_about_everywhere	anime1/1601569198141-なんかさボブは私のことなんか本当に好きかな.mp3	%5B%7B%22surface%22%3A%22%E3%81%AA%E3%82%93%E3%81%8B%22%2C%22pos%22%3A0%2C%22freqNF%22%3A%22340%22%2C%22freqWK%22%3A%2216525%22%2C%22partsOfSpeech%22%3A%5B%22%E3%83%95%E3%82%A3%E3%83%A9%E3%83%BC%22%5D%7D%2C%7B%22surface%22%3A%22%E3%81%95%22%2C%22pos%22%3A3%2C%22freqNF%22%3A%22106%22%2C%22freqWK%22%3A%221660%22%2C%22partsOfSpeech%22%3A%5B%22%E5%8A%A9%E8%A9%9E%22%2C%22%E7%B5%82%E5%8A%A9%E8%A9%9E%22%5D%7D%2C%7B%22surface%22%3A%22%E3%80%82%22%2C%22pos%22%3A4%2C%22freqNF%22%3A%2299999%22%2C%22freqWK%22%3A%2299999%22%2C%22partsOfSpeech%22%3A%5B%22%E8%A8%98%E5%8F%B7%22%2C%22%E5%8F%A5%E7%82%B9%22%5D%7D%2C%7B%22surface%22%3A%22%E3%83%9C%E3%83%96%22%2C%22pos%22%3A5%2C%22freqNF%22%3A%223344%22%2C%22freqWK%22%3A%2299999%22%2C%22partsOfSpeech%22%3A%5B%22%E5%90%8D%E8%A9%9E%22%2C%22%E5%9B%BA%E6%9C%89%E5%90%8D%E8%A9%9E%22%2C%22%E4%BA%BA%E5%90%8D%22%2C%22%E5%90%8D%22%5D%7D%2C%7B%22surface%22%3A%22%E3%81%AF%22%2C%22pronunciation%22%3A%22%E3%83%AF%22%2C%22pos%22%3A7%2C%22freqNF%22%3A%222%22%2C%22freqWK%22%3A%224%22%2C%22partsOfSpeech%22%3A%5B%22%E5%8A%A9%E8%A9%9E%22%2C%22%E4%BF%82%E5%8A%A9%E8%A9%9E%22%5D%7D%2C%7B%22surface%22%3A%22%E3%80%81%22%2C%22pos%22%3A8%2C%22freqNF%22%3A%2299999%22%2C%22freqWK%22%3A%2299999%22%2C%22partsOfSpeech%22%3A%5B%22%E8%A8%98%E5%8F%B7%22%2C%22%E8%AA%AD%E7%82%B9%22%5D%7D%2C%7B%22surface%22%3A%22%E7%A7%81%22%2C%22reading%22%3A%22%E3%83%AF%E3%82%BF%E3%82%B7%22%2C%22pos%22%3A9%2C%22freqNF%22%3A%2223%22%2C%22freqWK%22%3A%221066%22%2C%22partsOfSpeech%22%3A%5B%22%E5%90%8D%E8%A9%9E%22%2C%22%E4%BB%A3%E5%90%8D%E8%A9%9E%22%2C%22%E4%B8%80%E8%88%AC%22%5D%7D%2C%7B%22surface%22%3A%22%E3%81%AE%22%2C%22pos%22%3A10%2C%22freqNF%22%3A%223%22%2C%22freqWK%22%3A%221%22%2C%22partsOfSpeech%22%3A%5B%22%E5%8A%A9%E8%A9%9E%22%2C%22%E9%80%A3%E4%BD%93%E5%8C%96%22%5D%7D%2C%7B%22surface%22%3A%22%E3%81%93%E3%81%A8%22%2C%22pos%22%3A11%2C%22freqNF%22%3A%2226%22%2C%22freqWK%22%3A%2216%22%2C%22partsOfSpeech%22%3A%5B%22%E5%90%8D%E8%A9%9E%22%2C%22%E9%9D%9E%E8%87%AA%E7%AB%8B%22%2C%22%E4%B8%80%E8%88%AC%22%5D%7D%2C%7B%22surface%22%3A%22%E3%81%AA%E3%82%93%E3%81%8B%22%2C%22pos%22%3A13%2C%22freqNF%22%3A%22340%22%2C%22freqWK%22%3A%2216525%22%2C%22partsOfSpeech%22%3A%5B%22%E5%8A%A9%E8%A9%9E%22%2C%22%E5%89%AF%E5%8A%A9%E8%A9%9E%22%5D%7D%2C%7B%22surface%22%3A%22%E6%9C%AC%E5%BD%93%E3%81%AB%22%2C%22pronunciation%22%3A%22%E3%83%9B%E3%83%B3%E3%83%88%E3%83%BC%E3%83%8B%22%2C%22reading%22%3A%22%E3%83%9B%E3%83%B3%E3%83%88%E3%82%A6%E3%83%8B%22%2C%22pos%22%3A16%2C%22freqNF%22%3A%2299999%22%2C%22freqWK%22%3A%2299999%22%2C%22partsOfSpeech%22%3A%5B%22%E5%89%AF%E8%A9%9E%22%2C%22%E4%B8%80%E8%88%AC%22%5D%7D%2C%7B%22surface%22%3A%22%E5%A5%BD%E3%81%8D%22%2C%22reading%22%3A%22%E3%82%B9%E3%82%AD%22%2C%22pos%22%3A19%2C%22freqNF%22%3A%22151%22%2C%22freqWK%22%3A%222238%22%2C%22partsOfSpeech%22%3A%5B%22%E5%90%8D%E8%A9%9E%22%2C%22%E5%BD%A2%E5%AE%B9%E5%8B%95%E8%A9%9E%E8%AA%9E%E5%B9%B9%22%5D%7D%2C%7B%22surface%22%3A%22%E3%81%8B%22%2C%22pos%22%3A21%2C%22freqNF%22%3A%2217%22%2C%22freqWK%22%3A%2241%22%2C%22partsOfSpeech%22%3A%5B%22%E5%8A%A9%E8%A9%9E%22%2C%22%E5%89%AF%E5%8A%A9%E8%A9%9E%EF%BC%8F%E4%B8%A6%E7%AB%8B%E5%8A%A9%E8%A9%9E%EF%BC%8F%E7%B5%82%E5%8A%A9%E8%A9%9E%22%5D%7D%2C%7B%22surface%22%3A%22%E3%81%AA%22%2C%22pos%22%3A22%2C%22freqNF%22%3A%2222%22%2C%22freqWK%22%3A%222279%22%2C%22partsOfSpeech%22%3A%5B%22%E5%8A%A9%E8%A9%9E%22%2C%22%E7%B5%82%E5%8A%A9%E8%A9%9E%22%5D%7D%2C%7B%22surface%22%3A%22%EF%BC%9F%22%2C%22pos%22%3A23%2C%22freqNF%22%3A%2299999%22%2C%22freqWK%22%3A%2299999%22%2C%22partsOfSpeech%22%3A%5B%22%E8%A8%98%E5%8F%B7%22%2C%22%E4%B8%80%E8%88%AC%22%5D%7D%5D
あんなやつに負けやがって。じゃ、どうすんだよ？	"Losing to a guy like that. Well, what are you going to do?<br>- 「やがる」 is a verb suffix used to indicate hatred or contempt for the person doing the action. <br>#<ruby>やがる</ruby>:<ul><li>to have the nerve to<div class=""info"">(Auxiliary verb; Godan verb with ru ending; after the -te form or -masu stem of a verb; indicates hatred, contempt, or disdain for another's action; Derogatory)</div></li></ul>"	http://www.guidetojapanese.org/learn/grammar/slang#Showing_contempt_for_an_action_with	anime1/1601569198142-あんなやつに負けやがってじゃどうすんだよ.mp3	%5B%7B%22surface%22%3A%22%E3%81%82%E3%82%93%E3%81%AA%22%2C%22pos%22%3A0%2C%22freqNF%22%3A%22565%22%2C%22freqWK%22%3A%2218953%22%2C%22partsOfSpeech%22%3A%5B%22%E9%80%A3%E4%BD%93%E8%A9%9E%22%5D%7D%2C%7B%22surface%22%3A%22%E3%82%84%E3%81%A4%22%2C%22pos%22%3A3%2C%22freqNF%22%3A%22352%22%2C%22freqWK%22%3A%2299999%22%2C%22partsOfSpeech%22%3A%5B%22%E5%90%8D%E8%A9%9E%22%2C%22%E4%BB%A3%E5%90%8D%E8%A9%9E%22%2C%22%E4%B8%80%E8%88%AC%22%5D%7D%2C%7B%22surface%22%3A%22%E3%81%AB%22%2C%22pos%22%3A5%2C%22freqNF%22%3A%225%22%2C%22freqWK%22%3A%222%22%2C%22partsOfSpeech%22%3A%5B%22%E5%8A%A9%E8%A9%9E%22%2C%22%E6%A0%BC%E5%8A%A9%E8%A9%9E%22%2C%22%E4%B8%80%E8%88%AC%22%5D%7D%2C%7B%22surface%22%3A%22%E8%B2%A0%E3%81%91%22%2C%22reading%22%3A%22%E3%83%9E%E3%82%B1%22%2C%22pos%22%3A6%2C%22freqNF%22%3A%222648%22%2C%22freqWK%22%3A%2299999%22%2C%22partsOfSpeech%22%3A%5B%22%E5%90%8D%E8%A9%9E%22%2C%22%E4%B8%80%E8%88%AC%22%5D%7D%2C%7B%22surface%22%3A%22%E3%82%84%22%2C%22pos%22%3A8%2C%22freqNF%22%3A%2290%22%2C%22freqWK%22%3A%2219%22%2C%22partsOfSpeech%22%3A%5B%22%E5%8A%A9%E8%A9%9E%22%2C%22%E4%B8%A6%E7%AB%8B%E5%8A%A9%E8%A9%9E%22%5D%7D%2C%7B%22surface%22%3A%22%E3%81%8C%22%2C%22pos%22%3A9%2C%22freqNF%22%3A%228%22%2C%22freqWK%22%3A%226%22%2C%22partsOfSpeech%22%3A%5B%22%E5%8A%A9%E8%A9%9E%22%2C%22%E6%A0%BC%E5%8A%A9%E8%A9%9E%22%2C%22%E4%B8%80%E8%88%AC%22%5D%7D%2C%7B%22surface%22%3A%22%E3%81%A3%E3%81%A6%22%2C%22pos%22%3A10%2C%22freqNF%22%3A%2238%22%2C%22freqWK%22%3A%223501%22%2C%22partsOfSpeech%22%3A%5B%22%E5%8A%A9%E8%A9%9E%22%2C%22%E6%A0%BC%E5%8A%A9%E8%A9%9E%22%2C%22%E9%80%A3%E8%AA%9E%22%5D%7D%2C%7B%22surface%22%3A%22%E3%80%82%22%2C%22pos%22%3A12%2C%22freqNF%22%3A%2299999%22%2C%22freqWK%22%3A%2299999%22%2C%22partsOfSpeech%22%3A%5B%22%E8%A8%98%E5%8F%B7%22%2C%22%E5%8F%A5%E7%82%B9%22%5D%7D%2C%7B%22surface%22%3A%22%E3%81%98%E3%82%83%22%2C%22pos%22%3A13%2C%22freqNF%22%3A%22212%22%2C%22freqWK%22%3A%226623%22%2C%22partsOfSpeech%22%3A%5B%22%E6%8E%A5%E7%B6%9A%E8%A9%9E%22%5D%7D%2C%7B%22surface%22%3A%22%E3%80%81%22%2C%22pos%22%3A15%2C%22freqNF%22%3A%2299999%22%2C%22freqWK%22%3A%2299999%22%2C%22partsOfSpeech%22%3A%5B%22%E8%A8%98%E5%8F%B7%22%2C%22%E8%AA%AD%E7%82%B9%22%5D%7D%2C%7B%22surface%22%3A%22%E3%81%A9%E3%81%86%22%2C%22pronunciation%22%3A%22%E3%83%89%E3%83%BC%22%2C%22pos%22%3A16%2C%22freqNF%22%3A%2235%22%2C%22freqWK%22%3A%221511%22%2C%22partsOfSpeech%22%3A%5B%22%E5%89%AF%E8%A9%9E%22%2C%22%E5%8A%A9%E8%A9%9E%E9%A1%9E%E6%8E%A5%E7%B6%9A%22%5D%7D%2C%7B%22surface%22%3A%22%E3%81%99%E3%82%93%22%2C%22baseForm%22%3A%22%E3%81%99%E3%82%80%22%2C%22conjugationForm%22%3A%22%E9%80%A3%E7%94%A8%E3%82%BF%E6%8E%A5%E7%B6%9A%22%2C%22conjugationType%22%3A%22%E4%BA%94%E6%AE%B5%E3%83%BB%E3%83%9E%E8%A1%8C%22%2C%22pos%22%3A18%2C%22freqNF%22%3A%22196%22%2C%22freqWK%22%3A%2299999%22%2C%22partsOfSpeech%22%3A%5B%22%E5%8B%95%E8%A9%9E%22%2C%22%E8%87%AA%E7%AB%8B%22%5D%7D%2C%7B%22surface%22%3A%22%E3%81%A0%22%2C%22conjugationForm%22%3A%22%E5%9F%BA%E6%9C%AC%E5%BD%A2%22%2C%22conjugationType%22%3A%22%E7%89%B9%E6%AE%8A%E3%83%BB%E3%82%BF%22%2C%22pos%22%3A20%2C%22freqNF%22%3A%2292%22%2C%22freqWK%22%3A%2210%22%2C%22partsOfSpeech%22%3A%5B%22%E5%8A%A9%E5%8B%95%E8%A9%9E%22%5D%7D%2C%7B%22surface%22%3A%22%E3%82%88%22%2C%22pos%22%3A21%2C%22freqNF%22%3A%2212%22%2C%22freqWK%22%3A%221245%22%2C%22partsOfSpeech%22%3A%5B%22%E5%8A%A9%E8%A9%9E%22%2C%22%E7%B5%82%E5%8A%A9%E8%A9%9E%22%5D%7D%2C%7B%22surface%22%3A%22%EF%BC%9F%22%2C%22pos%22%3A22%2C%22freqNF%22%3A%2299999%22%2C%22freqWK%22%3A%2299999%22%2C%22partsOfSpeech%22%3A%5B%22%E8%A8%98%E5%8F%B7%22%2C%22%E4%B8%80%E8%88%AC%22%5D%7D%5D
やる気か？だったらさっさと来やがれ！	"You want to fight? If so, then hurry up and come on!<br>- 「やがる」 is a verb suffix used to indicate hatred or contempt for the person doing the action. <br>#<ruby>やがる</ruby>:<ul><li>to have the nerve to<div class=""info"">(Auxiliary verb; Godan verb with ru ending; after the -te form or -masu stem of a verb; indicates hatred, contempt, or disdain for another's action; Derogatory)</div></li></ul>"	http://www.guidetojapanese.org/learn/grammar/slang#Showing_contempt_for_an_action_with	anime1/1601569198142-やる気かだったらさっさと来やがれ.mp3	%5B%7B%22surface%22%3A%22%E3%82%84%E3%82%8B%E6%B0%97%22%2C%22reading%22%3A%22%E3%83%A4%E3%83%AB%E3%82%AD%22%2C%22pos%22%3A0%2C%22freqNF%22%3A%222590%22%2C%22freqWK%22%3A%2299999%22%2C%22partsOfSpeech%22%3A%5B%22%E5%90%8D%E8%A9%9E%22%2C%22%E4%B8%80%E8%88%AC%22%5D%7D%2C%7B%22surface%22%3A%22%E3%81%8B%22%2C%22pos%22%3A3%2C%22freqNF%22%3A%2217%22%2C%22freqWK%22%3A%2241%22%2C%22partsOfSpeech%22%3A%5B%22%E5%8A%A9%E8%A9%9E%22%2C%22%E5%89%AF%E5%8A%A9%E8%A9%9E%EF%BC%8F%E4%B8%A6%E7%AB%8B%E5%8A%A9%E8%A9%9E%EF%BC%8F%E7%B5%82%E5%8A%A9%E8%A9%9E%22%5D%7D%2C%7B%22surface%22%3A%22%EF%BC%9F%22%2C%22pos%22%3A4%2C%22freqNF%22%3A%2299999%22%2C%22freqWK%22%3A%2299999%22%2C%22partsOfSpeech%22%3A%5B%22%E8%A8%98%E5%8F%B7%22%2C%22%E4%B8%80%E8%88%AC%22%5D%7D%2C%7B%22surface%22%3A%22%E3%81%A0%E3%81%A3%22%2C%22baseForm%22%3A%22%E3%81%A0%22%2C%22conjugationForm%22%3A%22%E9%80%A3%E7%94%A8%E3%82%BF%E6%8E%A5%E7%B6%9A%22%2C%22conjugationType%22%3A%22%E7%89%B9%E6%AE%8A%E3%83%BB%E3%83%80%22%2C%22pos%22%3A5%2C%22freqNF%22%3A%2292%22%2C%22freqWK%22%3A%2210%22%2C%22partsOfSpeech%22%3A%5B%22%E5%8A%A9%E5%8B%95%E8%A9%9E%22%5D%7D%2C%7B%22surface%22%3A%22%E3%81%9F%E3%82%89%22%2C%22baseForm%22%3A%22%E3%81%9F%22%2C%22conjugationForm%22%3A%22%E4%BB%AE%E5%AE%9A%E5%BD%A2%22%2C%22conjugationType%22%3A%22%E7%89%B9%E6%AE%8A%E3%83%BB%E3%82%BF%22%2C%22pos%22%3A7%2C%22freqNF%22%3A%224%22%2C%22freqWK%22%3A%2299999%22%2C%22partsOfSpeech%22%3A%5B%22%E5%8A%A9%E5%8B%95%E8%A9%9E%22%5D%7D%2C%7B%22surface%22%3A%22%E3%81%95%E3%81%A3%E3%81%95%E3%81%A8%22%2C%22pos%22%3A9%2C%22freqNF%22%3A%221067%22%2C%22freqWK%22%3A%2299999%22%2C%22partsOfSpeech%22%3A%5B%22%E5%89%AF%E8%A9%9E%22%2C%22%E4%B8%80%E8%88%AC%22%5D%7D%2C%7B%22surface%22%3A%22%E6%9D%A5%22%2C%22baseForm%22%3A%22%E6%9D%A5%E3%82%8B%22%2C%22conjugationForm%22%3A%22%E9%80%A3%E7%94%A8%E5%BD%A2%22%2C%22conjugationType%22%3A%22%E3%82%AB%E5%A4%89%E3%83%BB%E6%9D%A5%E3%83%AB%22%2C%22reading%22%3A%22%E3%82%AD%22%2C%22pos%22%3A13%2C%22freqNF%22%3A%2254%22%2C%22freqWK%22%3A%221301%22%2C%22partsOfSpeech%22%3A%5B%22%E5%8B%95%E8%A9%9E%22%2C%22%E8%87%AA%E7%AB%8B%22%5D%7D%2C%7B%22surface%22%3A%22%E3%82%84%22%2C%22pos%22%3A14%2C%22freqNF%22%3A%2290%22%2C%22freqWK%22%3A%2219%22%2C%22partsOfSpeech%22%3A%5B%22%E5%8A%A9%E8%A9%9E%22%2C%22%E4%B8%A6%E7%AB%8B%E5%8A%A9%E8%A9%9E%22%5D%7D%2C%7B%22surface%22%3A%22%E3%81%8C%E3%82%8C%22%2C%22pos%22%3A15%2C%22freqNF%22%3A%2299999%22%2C%22freqWK%22%3A%2299999%22%2C%22partsOfSpeech%22%3A%5B%22%E5%90%8D%E8%A9%9E%22%2C%22%E4%B8%80%E8%88%AC%22%5D%7D%2C%7B%22surface%22%3A%22%EF%BC%81%22%2C%22pos%22%3A17%2C%22freqNF%22%3A%2299999%22%2C%22freqWK%22%3A%2299999%22%2C%22partsOfSpeech%22%3A%5B%22%E8%A8%98%E5%8F%B7%22%2C%22%E4%B8%80%E8%88%AC%22%5D%7D%5D
